Type of Property,Floor Size,Levies,Rates and Taxes,Pets Allowed,Lounge,Garage,Garden,price,Erf Size,Kitchen,Pool,Dining Room,Parking,Bathroom,Bedroom
0.0,403.0,2500.0,1300.0,1,1.0,2.0,1.0,2999000,9102.0,0.0,0.0,0.0,0.0,3.0,1.0
0.0,282.0,1932.0,1800.0,1,1.0,1.0,1.0,2390000,892.0,0.0,1.0,0.0,0.0,3.0,1.0
0.0,220.0,1932.0,1152.0,1,1.0,1.0,1.0,3495000,1.0,0.0,0.0,1.0,0.0,3.0,1.0
0.0,249.0,1932.0,1151.0,1,1.0,2.0,1.0,2770000,356.0,0.0,0.0,0.0,0.0,3.0,1.0
0.0,223.0,1400.0,1200.0,1,1.0,2.0,1.0,2340000,255.0,0.0,0.0,1.0,0.0,3.0,1.0
0.0,251.0,1200.0,1400.0,1,1.0,2.0,1.0,2660000,320.0,0.0,0.0,1.0,0.0,3.0,1.0
0.0,282.0,3670.0,3250.0,0,1.0,3.0,0.0,13250000,9102.0,0.0,1.0,1.0,0.0,3.0,1.0
1.0,104.0,1967.0,655.0,1,0.0,0.0,0.0,890000,9102.0,0.0,0.0,0.0,1.0,3.0,1.0
0.0,415.0,1932.0,2100.0,1,0.0,2.0,0.0,3650000,2.0,1.0,1.0,1.0,1.0,3.0,1.0
1.0,51.0,788.0,440.0,1,0.0,0.0,0.0,645000,9102.0,0.0,0.0,0.0,1.0,3.0,1.0
0.0,282.0,1932.0,1151.0,1,0.0,2.0,0.0,2695000,9102.0,0.0,0.0,1.0,0.0,3.0,1.0
2.0,282.0,2600.0,748.0,1,0.0,1.0,0.0,1236000,9102.0,0.0,0.0,0.0,1.0,3.0,1.0
1.0,145.0,4000.0,1270.0,1,0.0,0.0,0.0,2190000,9102.0,0.0,1.0,0.0,2.0,3.0,1.0
0.0,282.0,1932.0,1500.0,1,0.0,3.0,1.0,2950000,2.0,2.0,1.0,2.0,6.0,3.0,1.0
1.0,88.0,1966.0,1151.0,0,1.0,0.0,0.0,860000,9102.0,0.0,0.0,1.0,0.0,3.0,1.0
2.0,96.0,970.0,850.0,1,1.0,1.0,1.0,990000,5.0,0.0,0.0,1.0,0.0,3.0,1.0
0.0,282.0,1932.0,900.0,1,0.0,2.0,1.0,1850000,787.0,3.0,1.0,2.0,6.0,3.0,1.0
2.0,189.0,2700.0,950.0,0,1.0,1.0,0.0,1350000,5.0,0.0,0.0,1.0,0.0,3.0,1.0
0.0,282.0,1932.0,1151.0,0,0.0,3.0,1.0,4600000,2.0,0.0,1.0,1.0,10.0,3.0,1.0
0.0,400.0,1932.0,1151.0,1,1.0,0.0,1.0,3300000,1.0,0.0,1.0,1.0,0.0,3.0,1.0
1.0,120.0,2200.0,1100.0,0,1.0,0.0,0.0,1095000,150.0,0.0,0.0,1.0,0.0,3.0,1.0
0.0,282.0,1932.0,15000.0,1,0.0,2.0,1.0,4300000,1.0,0.0,1.0,1.0,2.0,3.0,1.0
0.0,282.0,1932.0,1151.0,1,0.0,2.0,0.0,2240000,9102.0,0.0,1.0,1.0,4.0,3.0,1.0
0.0,282.0,1932.0,1151.0,1,0.0,1.0,1.0,3600000,9102.0,0.0,0.0,0.0,0.0,3.0,1.0
0.0,282.0,1932.0,1151.0,1,0.0,1.0,1.0,3100000,9102.0,0.0,0.0,0.0,0.0,3.0,1.0
0.0,282.0,1932.0,1151.0,1,0.0,1.0,1.0,2990000,9102.0,0.0,0.0,0.0,0.0,3.0,1.0
0.0,79.0,1264.0,933.0,1,0.0,0.0,1.0,1599000,9102.0,0.0,1.0,0.0,2.0,3.0,1.0
1.0,106.0,1400.0,750.0,1,0.0,0.0,0.0,900000,2.0,0.0,0.0,1.0,1.0,3.0,1.0
0.0,282.0,1932.0,1151.0,1,2.0,3.0,1.0,6500000,8.0,1.0,1.0,2.0,10.0,3.0,1.0
0.0,185.0,350.0,480.0,1,0.0,1.0,1.0,2580000,685.0,0.0,0.0,0.0,1.0,3.0,1.0
2.0,175.0,1500.0,700.0,1,0.0,0.0,0.0,1850000,9.0,0.0,0.0,1.0,0.0,3.0,1.0
1.0,282.0,1932.0,1151.0,1,0.0,0.0,0.0,645000,9102.0,0.0,0.0,0.0,1.0,3.0,1.0
0.0,228.0,485.0,1200.0,1,1.0,2.0,1.0,1850000,512.0,0.0,0.0,1.0,2.0,3.0,1.0
0.0,282.0,1932.0,1285.0,1,0.0,2.0,0.0,2999000,1.0,0.0,1.0,1.0,0.0,3.0,1.0
2.0,113.0,1180.0,599.0,1,1.0,0.0,1.0,1350000,9102.0,1.0,1.0,1.0,2.0,3.0,1.0
0.0,254.0,1932.0,541.0,1,0.0,2.0,1.0,1350000,415.0,0.0,0.0,0.0,0.0,3.0,1.0
0.0,531.0,1932.0,530.0,1,0.0,0.0,0.0,1350000,1.0,1.0,1.0,1.0,4.0,3.0,1.0
0.0,282.0,1932.0,1151.0,1,0.0,0.0,0.0,3650000,650.0,1.0,0.0,1.0,0.0,3.0,1.0
0.0,130.0,1932.0,750.0,1,0.0,0.0,0.0,1095000,223.0,1.0,0.0,1.0,0.0,3.0,1.0
0.0,282.0,1932.0,597.0,1,1.0,1.0,1.0,900000,495.0,1.0,0.0,1.0,1.0,3.0,1.0
1.0,120.0,2730.0,631.0,1,0.0,2.0,0.0,1095000,200.0,1.0,0.0,0.0,0.0,3.0,1.0
1.0,49.0,1650.0,1050.0,1,0.0,0.0,0.0,2990000,49.0,0.0,0.0,0.0,0.0,3.0,1.0
0.0,230.0,980.0,1300.0,1,1.0,2.0,0.0,2950000,510.0,0.0,0.0,0.0,0.0,3.0,1.0
0.0,450.0,1932.0,1225.0,1,0.0,2.0,1.0,4300000,2.0,2.0,1.0,1.0,1.0,3.0,1.0
0.0,282.0,2200.0,2484.0,1,0.0,2.0,1.0,3300000,597.0,0.0,0.0,1.0,0.0,3.0,1.0
0.0,400.0,1932.0,1500.0,1,0.0,2.0,1.0,3300000,22.0,1.0,0.0,1.0,2.0,3.0,1.0
1.0,45.0,750.0,450.0,1,0.0,0.0,1.0,645000,9102.0,0.0,0.0,0.0,1.0,3.0,1.0
2.0,124.0,1266.0,850.0,1,1.0,2.0,1.0,1350000,89.0,1.0,1.0,1.0,3.0,3.0,1.0
1.0,71.0,1952.0,414.0,1,1.0,0.0,0.0,990000,9102.0,0.0,1.0,0.0,2.0,3.0,1.0
0.0,282.0,1932.0,200.0,1,0.0,2.0,1.0,900000,375.0,1.0,0.0,1.0,0.0,3.0,1.0
1.0,282.0,650.0,900.0,1,0.0,1.0,0.0,890000,9102.0,0.0,0.0,0.0,0.0,3.0,1.0
0.0,282.0,1932.0,3666.0,1,0.0,2.0,1.0,2950000,1.0,0.0,1.0,1.0,0.0,3.0,1.0
0.0,282.0,540.0,2400.0,1,0.0,0.0,1.0,3300000,2.0,1.0,1.0,1.0,8.0,3.0,1.0
0.0,282.0,4450.0,2800.0,1,0.0,2.0,1.0,4300000,470.0,1.0,1.0,0.0,0.0,3.0,1.0
0.0,282.0,1932.0,1228.0,1,1.0,1.0,1.0,1350000,1.0,1.0,0.0,1.0,0.0,3.0,1.0
1.0,79.0,1932.0,1151.0,1,0.0,0.0,1.0,1599000,9102.0,0.0,1.0,0.0,2.0,3.0,1.0
2.0,80.0,1126.0,559.0,1,1.0,2.0,1.0,1095000,94.0,0.0,0.0,0.0,0.0,3.0,1.0
0.0,282.0,1932.0,4150.0,1,0.0,2.0,0.0,3600000,1.0,1.0,0.0,1.0,0.0,3.0,1.0
1.0,414.0,4294.0,3000.0,0,1.0,2.0,0.0,6500000,9102.0,0.0,0.0,1.0,0.0,3.0,1.0
0.0,250.0,1932.0,1000.0,1,0.0,0.0,1.0,2695000,505.0,1.0,0.0,1.0,0.0,3.0,1.0
0.0,467.0,1932.0,2035.0,1,1.0,3.0,1.0,2950000,871.0,0.0,0.0,1.0,2.0,3.0,1.0
0.0,118.0,1932.0,703.0,1,1.0,1.0,1.0,1850000,140.0,0.0,0.0,0.0,1.0,3.0,1.0
0.0,282.0,6000.0,1400.0,1,0.0,0.0,0.0,3300000,480.0,0.0,1.0,0.0,7.0,3.0,1.0
0.0,282.0,1932.0,567.0,1,0.0,0.0,0.0,900000,377.0,1.0,0.0,1.0,0.0,3.0,1.0
2.0,282.0,1932.0,1151.0,1,0.0,2.0,1.0,3100000,300.0,1.0,0.0,0.0,0.0,3.0,1.0
1.0,74.0,2172.0,1147.0,1,1.0,0.0,0.0,2390000,9102.0,1.0,1.0,0.0,1.0,3.0,1.0
2.0,282.0,1443.0,1151.0,1,0.0,0.0,0.0,1095000,9102.0,0.0,0.0,0.0,0.0,3.0,1.0
0.0,991.0,1932.0,1680.0,1,0.0,2.0,1.0,3100000,9102.0,1.0,0.0,1.0,2.0,3.0,1.0
0.0,249.0,1932.0,1087.0,1,0.0,2.0,1.0,2695000,1.0,0.0,0.0,1.0,0.0,3.0,1.0
2.0,70.0,200.0,700.0,1,1.0,2.0,0.0,990000,101.0,0.0,0.0,1.0,2.0,3.0,1.0
1.0,282.0,1190.0,342.0,1,1.0,0.0,0.0,645000,9102.0,1.0,0.0,1.0,1.0,3.0,1.0
1.0,78.0,1500.0,500.0,0,1.0,0.0,0.0,645000,78.0,0.0,0.0,0.0,1.0,3.0,1.0
2.0,89.0,1400.0,410.0,1,1.0,1.0,1.0,890000,9102.0,1.0,0.0,1.0,0.0,3.0,1.0
1.0,71.0,2100.0,800.0,1,0.0,0.0,0.0,900000,9102.0,0.0,1.0,0.0,0.0,3.0,1.0
2.0,174.0,1008.0,1151.0,1,1.0,2.0,1.0,1850000,174.0,0.0,0.0,0.0,0.0,3.0,1.0
0.0,282.0,1932.0,1151.0,1,0.0,2.0,1.0,2950000,981.0,1.0,0.0,0.0,6.0,3.0,1.0
0.0,360.0,1932.0,1901.0,1,0.0,0.0,0.0,2660000,714.0,2.0,0.0,0.0,0.0,3.0,1.0
1.0,72.0,1497.0,642.0,1,0.0,0.0,0.0,1350000,9102.0,0.0,0.0,0.0,0.0,3.0,1.0
0.0,282.0,1932.0,1151.0,1,0.0,0.0,1.0,1850000,1.0,0.0,0.0,1.0,6.0,3.0,1.0
0.0,530.0,1932.0,2395.0,1,1.0,2.0,1.0,3650000,1.0,1.0,1.0,1.0,7.0,3.0,1.0
2.0,116.0,2500.0,670.0,1,1.0,2.0,1.0,1095000,9102.0,1.0,0.0,1.0,2.0,3.0,1.0
0.0,380.0,1932.0,2400.0,1,0.0,0.0,0.0,2990000,1.0,0.0,0.0,0.0,0.0,3.0,1.0
1.0,77.0,2270.0,563.0,1,1.0,0.0,0.0,860000,9102.0,0.0,0.0,0.0,0.0,3.0,1.0
1.0,105.0,1572.0,650.0,1,0.0,1.0,1.0,2190000,9102.0,0.0,0.0,0.0,0.0,3.0,1.0
0.0,282.0,1932.0,1151.0,1,0.0,1.0,0.0,4600000,801.0,1.0,0.0,1.0,2.0,3.0,1.0
2.0,288.0,1932.0,1151.0,1,0.0,0.0,0.0,3600000,1.0,0.0,1.0,0.0,2.0,3.0,1.0
0.0,282.0,1932.0,1030.0,1,0.0,1.0,1.0,4300000,967.0,0.0,0.0,0.0,7.0,3.0,1.0
1.0,129.0,1800.0,300.0,0,0.0,0.0,0.0,890000,9102.0,1.0,0.0,1.0,0.0,3.0,3.5
2.0,71.0,1932.0,556.0,0,0.0,0.0,1.0,860000,7.0,1.0,0.0,0.0,2.0,3.0,1.0
0.0,282.0,1932.0,1700.0,1,0.0,2.0,1.0,1850000,924.0,0.0,0.0,1.0,0.0,3.0,1.0
1.0,282.0,1600.0,650.0,1,0.0,0.0,0.0,1850000,9102.0,0.0,0.0,0.0,0.0,3.0,1.0
0.0,282.0,1932.0,714.0,1,0.0,1.0,1.0,990000,1.0,1.0,0.0,1.0,0.0,3.0,1.0
0.0,282.0,1932.0,1151.0,1,0.0,0.0,0.0,1599000,9102.0,0.0,0.0,0.0,0.0,3.0,1.0
0.0,180.0,1932.0,500.0,1,0.0,0.0,0.0,2390000,331.0,0.0,0.0,0.0,0.0,3.0,1.0
1.0,68.0,1723.0,568.0,0,0.0,1.0,0.0,890000,9102.0,0.0,0.0,0.0,2.0,3.0,1.0
0.0,282.0,1932.0,1066.0,1,0.0,0.0,0.0,2990000,662.0,1.0,0.0,1.0,3.0,3.0,1.0
0.0,282.0,1932.0,1151.0,1,0.0,1.0,0.0,3600000,515.0,0.0,0.0,0.0,2.0,3.0,1.0
0.0,474.0,1900.0,700.0,0,0.0,3.0,0.0,2950000,1.0,1.0,0.0,1.0,0.0,3.0,1.0
2.0,105.0,1208.0,700.0,0,0.0,0.0,0.0,990000,9102.0,1.0,0.0,0.0,2.0,3.0,1.0
1.0,101.0,1374.0,338.0,0,0.0,0.0,0.0,645000,9102.0,0.0,0.0,1.0,0.0,3.0,1.0
1.0,174.0,1050.0,1151.0,0,0.0,0.0,1.0,1350000,9102.0,1.0,0.0,1.0,2.0,3.0,1.0
1.0,123.0,1200.0,730.0,0,0.0,1.0,0.0,890000,9102.0,0.0,1.0,1.0,1.0,3.0,1.0
2.0,160.0,1932.0,1151.0,1,0.0,1.0,0.0,900000,9102.0,1.0,0.0,0.0,0.0,3.0,1.0
0.0,298.0,2689.0,1423.0,1,0.0,0.0,0.0,2695000,794.0,0.0,0.0,0.0,0.0,3.0,1.0
0.0,282.0,1932.0,1151.0,1,0.0,2.0,0.0,2999000,625.0,1.0,0.0,0.0,3.0,3.0,1.0
0.0,282.0,1932.0,1151.0,1,0.0,1.0,1.0,900000,707.0,1.0,0.0,0.0,0.0,3.0,1.0
0.0,282.0,1932.0,410.0,1,0.0,2.0,0.0,900000,661.0,0.0,0.0,0.0,0.0,3.0,1.0
0.0,282.0,1932.0,1151.0,1,0.0,0.0,0.0,2950000,1.0,1.0,0.0,0.0,0.0,3.0,1.0
0.0,282.0,1932.0,1151.0,0,0.0,1.0,0.0,1350000,9102.0,1.0,0.0,0.0,0.0,3.0,1.0
0.0,282.0,1932.0,1151.0,1,0.0,1.0,1.0,3650000,496.0,0.0,1.0,0.0,2.0,3.0,1.0
0.0,155.0,1895.0,1620.0,1,0.0,2.0,1.0,1850000,12.0,0.0,0.0,0.0,2.0,3.0,1.0
0.0,282.0,1932.0,1151.0,1,1.0,1.0,1.0,1850000,9102.0,2.0,0.0,0.0,3.0,3.0,1.0
0.0,282.0,1932.0,1151.0,1,1.0,1.0,1.0,860000,1.0,0.0,0.0,1.0,1.0,3.0,1.0
0.0,282.0,175.0,600.0,1,0.0,2.0,1.0,1599000,9102.0,1.0,0.0,0.0,2.0,3.0,1.0
0.0,282.0,1932.0,1151.0,0,0.0,0.0,1.0,1350000,9102.0,1.0,0.0,1.0,0.0,3.0,1.0
1.0,71.0,2269.0,1013.0,0,0.0,0.0,0.0,1599000,9102.0,1.0,0.0,1.0,0.0,3.0,1.0
0.0,282.0,1932.0,718.0,1,1.0,0.0,1.0,1599000,1.0,0.0,1.0,1.0,10.0,3.0,1.0
1.0,109.0,1400.0,650.0,1,0.0,1.0,1.0,1095000,9102.0,0.0,0.0,0.0,0.0,3.0,1.0
0.0,282.0,1932.0,1151.0,1,0.0,2.0,0.0,900000,353.0,1.0,0.0,1.0,0.0,3.0,1.0
0.0,282.0,1932.0,1151.0,1,0.0,0.0,0.0,890000,9102.0,0.0,0.0,0.0,0.0,3.0,1.0
0.0,282.0,820.0,700.0,1,0.0,1.0,0.0,890000,9102.0,1.0,0.0,0.0,1.0,3.0,1.0
0.0,570.0,3620.0,2550.0,1,0.0,2.0,1.0,4300000,1.0,0.0,0.0,1.0,0.0,3.0,1.0
2.0,282.0,1932.0,1151.0,0,0.0,0.0,0.0,990000,9102.0,1.0,0.0,0.0,0.0,3.0,1.0
1.0,49.0,1634.0,560.0,0,0.0,0.0,0.0,1095000,9102.0,0.0,0.0,0.0,0.0,3.0,1.0
0.0,282.0,1932.0,1000.0,1,0.0,0.0,0.0,2950000,173.0,0.0,0.0,0.0,0.0,3.0,1.0
0.0,290.0,2250.0,1600.0,1,0.0,2.0,1.0,3300000,752.0,0.0,0.0,1.0,0.0,3.0,1.0
0.0,282.0,1932.0,1151.0,1,1.0,0.0,0.0,890000,1.0,0.0,0.0,1.0,0.0,3.0,1.0
1.0,72.0,1900.0,1009.0,1,1.0,1.0,0.0,2390000,9102.0,0.0,0.0,0.0,0.0,3.0,1.0
2.0,69.0,1500.0,480.0,1,1.0,0.0,1.0,1095000,9102.0,0.0,1.0,1.0,2.0,3.0,1.0
1.0,120.0,1480.0,900.0,1,0.0,0.0,0.0,1095000,4.0,0.0,0.0,0.0,1.0,3.0,1.0
0.0,282.0,1932.0,1347.0,1,0.0,1.0,1.0,2950000,968.0,0.0,1.0,0.0,0.0,3.0,1.0
0.0,125.0,1932.0,1151.0,1,0.0,1.0,1.0,1599000,261.0,0.0,0.0,0.0,1.0,3.0,1.0
2.0,282.0,1932.0,1151.0,0,0.0,0.0,0.0,990000,9102.0,0.0,0.0,0.0,0.0,3.0,1.0
1.0,99.0,4056.0,1613.0,1,0.0,1.0,0.0,3100000,9102.0,1.0,1.0,1.0,0.0,3.0,1.0
1.0,56.0,1490.0,355.0,1,0.0,0.0,0.0,990000,56.0,1.0,1.0,0.0,1.0,3.0,1.0
0.0,1531.0,1932.0,1500.0,1,1.0,0.0,1.0,1850000,9102.0,0.0,0.0,0.0,1.0,3.0,1.0
0.0,282.0,1932.0,1151.0,1,0.0,0.0,0.0,4600000,9102.0,0.0,0.0,0.0,0.0,3.0,1.0
1.0,44.0,1609.0,245.0,0,1.0,0.0,0.0,900000,9102.0,0.0,0.0,0.0,0.0,3.0,1.0
0.0,282.0,1932.0,2442.0,1,1.0,2.0,0.0,3300000,426.0,0.0,1.0,1.0,2.0,3.0,1.0
2.0,282.0,1932.0,1151.0,0,1.0,2.0,1.0,1350000,85.0,0.0,1.0,0.0,2.0,3.0,1.0
1.0,77.0,1932.0,1151.0,0,0.0,0.0,0.0,645000,9102.0,1.0,0.0,0.0,1.0,3.0,1.0
0.0,282.0,1932.0,1151.0,1,0.0,3.0,0.0,6500000,815.0,1.0,0.0,0.0,0.0,3.0,1.0
0.0,282.0,0.0,2370.0,1,1.0,3.0,1.0,3100000,975.0,1.0,1.0,1.0,3.0,3.0,1.0
1.0,282.0,1850.0,200.0,1,0.0,0.0,0.0,890000,96.0,0.0,0.0,0.0,0.0,3.0,1.0
0.0,282.0,1932.0,400.0,1,1.0,1.0,0.0,860000,300.0,0.0,0.0,0.0,1.0,3.0,1.0
0.0,282.0,1932.0,1500.0,1,0.0,3.0,1.0,1850000,9102.0,0.0,1.0,0.0,0.0,3.0,1.0
0.0,282.0,2183.0,1151.0,0,1.0,2.0,1.0,1850000,1.0,0.0,0.0,0.0,0.0,3.0,1.0
0.0,282.0,1932.0,1151.0,1,1.0,1.0,1.0,1350000,596.0,0.0,0.0,1.0,1.0,3.0,1.0
0.0,350.0,1420.0,500.0,1,1.0,1.0,1.0,3100000,989.0,0.0,0.0,1.0,1.0,3.0,1.0
0.0,338.0,1932.0,1166.0,1,1.0,2.0,1.0,2390000,2.0,0.0,1.0,1.0,1.0,3.0,1.0
2.0,191.0,1962.0,1151.0,1,1.0,1.0,1.0,1599000,9102.0,0.0,0.0,1.0,1.0,3.0,1.0
0.0,262.0,500.0,2000.0,1,0.0,2.0,0.0,2999000,798.0,0.0,0.0,0.0,0.0,3.0,1.0
1.0,70.0,1625.0,705.0,1,0.0,0.0,1.0,1350000,9102.0,1.0,0.0,0.0,1.0,3.0,1.0
0.0,2642.0,1932.0,1151.0,1,0.0,1.0,0.0,2950000,9102.0,0.0,1.0,0.0,0.0,3.0,1.0
0.0,282.0,1932.0,1151.0,1,0.0,0.0,0.0,3495000,9102.0,1.0,0.0,0.0,0.0,3.0,1.0
2.0,75.0,660.0,613.0,1,0.0,1.0,1.0,860000,9102.0,0.0,0.0,0.0,1.0,3.0,1.0
0.0,410.0,1932.0,435.0,1,1.0,2.0,1.0,990000,9102.0,1.0,0.0,1.0,5.0,3.0,1.0
0.0,282.0,1932.0,1414.0,1,0.0,1.0,0.0,3495000,313.0,2.0,0.0,0.0,0.0,3.0,1.0
1.0,119.0,3143.0,2800.0,1,0.0,0.0,1.0,2950000,2.0,0.0,1.0,0.0,2.0,3.0,1.0
0.0,282.0,1932.0,828.0,1,0.0,0.0,1.0,1850000,1.0,2.0,0.0,2.0,8.0,3.0,1.0
0.0,282.0,1932.0,3145.0,1,0.0,2.0,1.0,3495000,640.0,2.0,1.0,2.0,0.0,3.0,1.0
0.0,545.0,1932.0,2888.0,1,0.0,1.0,1.0,3495000,2.0,0.0,0.0,0.0,3.0,3.0,1.0
1.0,109.0,1500.0,1400.0,1,1.0,1.0,0.0,1599000,9102.0,1.0,0.0,1.0,2.0,3.0,1.0
1.0,70.0,1714.0,272.0,0,1.0,1.0,0.0,1095000,9102.0,0.0,0.0,0.0,1.0,3.0,1.0
1.0,100.0,2900.0,789.0,1,1.0,0.0,0.0,1350000,9102.0,1.0,1.0,1.0,2.0,3.0,1.0
1.0,89.0,2188.0,890.0,1,1.0,1.0,0.0,890000,3.0,0.0,0.0,0.0,0.0,3.0,1.0
1.0,56.0,1932.0,350.0,0,0.0,0.0,0.0,1095000,9102.0,1.0,0.0,0.0,0.0,3.0,1.0
1.0,50.0,2015.0,880.0,1,1.0,1.0,0.0,3300000,9102.0,1.0,0.0,1.0,1.0,3.0,1.0
0.0,500.0,1932.0,1224.0,1,0.0,1.0,1.0,2950000,3.0,0.0,0.0,0.0,6.0,3.0,1.0
2.0,1.0,1100.0,1089.0,1,0.0,2.0,1.0,3100000,247.0,0.0,0.0,0.0,0.0,3.0,1.0
0.0,282.0,40.0,500.0,0,0.0,0.0,0.0,1350000,2.0,0.0,0.0,1.0,6.0,3.0,1.0
0.0,1972.0,1932.0,2032.0,1,0.0,2.0,1.0,2950000,9102.0,0.0,1.0,1.0,4.0,3.0,1.0
0.0,280.0,943.0,1200.0,1,0.0,2.0,1.0,2999000,448.0,0.0,0.0,0.0,0.0,3.0,1.0
2.0,82.0,1268.0,1151.0,1,0.0,0.0,0.0,1350000,9102.0,1.0,0.0,0.0,0.0,3.0,1.0
2.0,282.0,1932.0,1151.0,1,1.0,1.0,1.0,990000,134.0,0.0,0.0,1.0,1.0,3.0,1.0
0.0,282.0,1932.0,500.0,1,0.0,1.0,0.0,1850000,190.0,1.0,0.0,0.0,1.0,3.0,1.0
2.0,130.0,2100.0,700.0,1,0.0,2.0,1.0,1599000,6.0,0.0,1.0,1.0,0.0,3.0,1.0
1.0,131.0,3000.0,1151.0,1,1.0,0.0,0.0,2580000,9102.0,1.0,1.0,0.0,1.0,3.0,1.0
0.0,478.0,1932.0,1863.0,1,1.0,1.0,1.0,3300000,2.0,0.0,0.0,1.0,2.0,3.0,1.0
0.0,172.0,1699.0,837.0,1,0.0,2.0,1.0,1350000,9102.0,0.0,0.0,0.0,1.0,3.0,1.0
0.0,282.0,1932.0,1151.0,1,0.0,10.0,0.0,890000,444.0,0.0,0.0,0.0,0.0,3.0,1.0
0.0,282.0,1932.0,1151.0,1,1.0,0.0,0.0,1850000,9102.0,0.0,1.0,1.0,2.0,3.0,1.0
0.0,282.0,1932.0,404.0,1,0.0,0.0,0.0,1850000,118.0,0.0,0.0,0.0,0.0,3.0,1.0
1.0,109.0,2200.0,600.0,0,0.0,0.0,0.0,1350000,9102.0,1.0,0.0,1.0,0.0,3.0,1.0
0.0,282.0,950.0,1500.0,1,1.0,2.0,1.0,3100000,1.0,1.0,1.0,1.0,3.0,3.0,1.0
1.0,50.0,1383.0,545.0,1,1.0,0.0,0.0,645000,50.0,1.0,1.0,0.0,1.0,3.0,1.0
0.0,150.0,1932.0,500.0,1,0.0,1.0,0.0,2390000,300.0,1.0,0.0,1.0,0.0,3.0,1.0
0.0,282.0,1932.0,1151.0,1,0.0,1.0,0.0,1350000,756.0,0.0,0.0,0.0,0.0,3.0,1.0
0.0,130.0,800.0,359.0,1,1.0,0.0,1.0,2950000,448.0,1.0,1.0,1.0,2.0,3.0,1.0
2.0,282.0,1932.0,1151.0,0,0.0,0.0,0.0,1850000,190.0,1.0,0.0,1.0,0.0,3.0,1.0
0.0,282.0,1932.0,1151.0,1,0.0,0.0,1.0,1850000,1.0,0.0,1.0,0.0,6.0,3.0,1.0
1.0,58.0,1550.0,300.0,1,0.0,1.0,0.0,1095000,9102.0,0.0,0.0,0.0,0.0,3.0,1.0
1.0,282.0,1932.0,1151.0,1,0.0,0.0,0.0,645000,9102.0,1.0,0.0,0.0,0.0,3.0,1.0
0.0,524.0,1100.0,3200.0,0,1.0,4.0,0.0,6500000,845.0,0.0,0.0,1.0,0.0,3.0,1.0
1.0,72.0,1600.0,650.0,1,0.0,0.0,0.0,990000,9102.0,1.0,1.0,0.0,0.0,3.0,1.0
2.0,115.0,1400.0,401.0,0,0.0,0.0,0.0,860000,9102.0,1.0,0.0,1.0,0.0,3.0,1.0
2.0,1.0,1550.0,520.0,1,1.0,0.0,1.0,990000,1.0,0.0,1.0,1.0,3.0,3.0,1.0
0.0,282.0,1932.0,1151.0,1,0.0,2.0,0.0,4300000,1.0,2.0,0.0,1.0,2.0,3.0,1.0
0.0,282.0,1499.0,1247.0,1,1.0,2.0,1.0,3300000,828.0,0.0,1.0,1.0,2.0,3.0,1.0
0.0,380.0,1932.0,1151.0,1,1.0,3.0,1.0,2999000,1.0,0.0,0.0,1.0,3.0,3.0,1.0
0.0,314.0,1932.0,3098.0,1,0.0,0.0,1.0,3600000,2.0,0.0,1.0,1.0,6.0,3.0,1.0
2.0,103.0,1570.0,450.0,1,1.0,2.0,1.0,860000,9102.0,0.0,0.0,1.0,1.0,3.0,1.0
0.0,800.0,1932.0,2367.0,1,0.0,4.0,1.0,6500000,1.1,0.0,1.0,1.0,1.0,3.0,1.0
0.0,282.0,1932.0,1151.0,1,0.0,0.0,0.0,1350000,9102.0,0.0,0.0,0.0,0.0,3.0,1.0
0.0,282.0,1932.0,1151.0,1,1.0,2.0,0.0,890000,555.0,0.0,0.0,1.0,1.0,3.0,1.0
2.0,82.0,3000.0,455.0,0,1.0,0.0,0.0,1350000,9102.0,0.0,1.0,0.0,1.0,3.0,1.0
2.0,282.0,1585.0,430.0,1,1.0,2.0,0.0,1350000,123.0,0.0,0.0,0.0,2.0,3.0,1.0
0.0,282.0,1932.0,960.0,1,0.0,0.0,1.0,2999000,918.0,1.0,0.0,1.0,0.0,3.0,1.0
1.0,282.0,1932.0,1151.0,1,0.0,1.0,0.0,1350000,9102.0,0.0,0.0,0.0,0.0,3.0,1.0
0.0,282.0,1932.0,1380.0,1,1.0,3.0,1.0,1850000,1.0,0.0,1.0,0.0,0.0,3.0,1.0
0.0,300.0,1932.0,232.0,1,1.0,0.0,1.0,990000,1.0,0.0,1.0,1.0,2.0,3.0,1.0
0.0,282.0,1932.0,1151.0,1,0.0,0.0,0.0,860000,300.0,1.0,0.0,0.0,0.0,3.0,1.0
1.0,45.0,1100.0,605.0,1,1.0,0.0,0.0,1095000,9102.0,1.0,1.0,1.0,1.0,3.0,1.0
1.0,155.0,1932.0,1151.0,1,0.0,2.0,1.0,890000,2.0,0.0,0.0,1.0,0.0,3.0,1.0
0.0,282.0,1932.0,1203.0,1,0.0,0.0,0.0,2950000,3.0,1.0,0.0,1.0,0.0,3.0,1.0
2.0,276.0,2132.0,2424.0,0,0.0,2.0,1.0,3495000,1.0,0.0,1.0,1.0,5.0,3.0,1.0
0.0,282.0,1932.0,964.0,1,1.0,2.0,0.0,1350000,1.0,0.0,0.0,0.0,0.0,3.0,1.0
0.0,282.0,1932.0,1246.0,1,1.0,2.0,1.0,1350000,9102.0,0.0,1.0,1.0,1.0,3.0,1.0
0.0,282.0,1932.0,1151.0,1,0.0,0.0,0.0,890000,685.0,0.0,0.0,0.0,0.0,3.0,1.0
1.0,48.0,1800.0,1200.0,1,0.0,0.0,0.0,1095000,9102.0,0.0,0.0,0.0,0.0,3.0,1.0
0.0,282.0,1932.0,1151.0,1,0.0,6.0,0.0,1850000,9102.0,1.0,1.0,1.0,0.0,3.0,1.0
2.0,107.0,1950.0,660.0,1,1.0,1.0,1.0,1350000,9102.0,0.0,1.0,1.0,1.0,3.0,1.0
0.0,282.0,1932.0,1151.0,1,0.0,4.0,0.0,3600000,1.0,0.0,0.0,0.0,0.0,3.0,1.0
0.0,282.0,1932.0,1151.0,1,0.0,0.0,1.0,1350000,9102.0,1.0,0.0,1.0,1.0,3.0,1.0
2.0,500.0,1300.0,500.0,1,1.0,2.0,1.0,1850000,9102.0,0.0,1.0,1.0,1.0,3.0,1.0
1.0,100.0,1800.0,700.0,1,0.0,0.0,0.0,860000,9102.0,0.0,0.0,0.0,1.0,3.0,1.0
0.0,282.0,1425.0,2580.0,1,0.0,4.0,0.0,4300000,629.0,1.0,1.0,1.0,1.0,3.0,1.0
0.0,300.0,1932.0,937.0,0,1.0,2.0,0.0,2695000,1.0,0.0,0.0,1.0,0.0,3.0,1.0
1.0,90.0,1460.0,990.0,1,0.0,0.0,1.0,900000,9102.0,1.0,1.0,0.0,1.0,3.0,1.0
0.0,500.0,1932.0,1400.0,1,0.0,2.0,1.0,2950000,838.0,1.0,0.0,0.0,4.0,3.0,1.0
0.0,282.0,1262.0,500.0,1,0.0,0.0,1.0,1350000,125.0,0.0,0.0,0.0,2.0,3.0,1.0
0.0,282.0,1932.0,1151.0,1,0.0,0.0,0.0,860000,346.0,0.0,0.0,0.0,4.0,3.0,1.0
1.0,21.0,992.0,1151.0,0,0.0,0.0,0.0,1350000,9102.0,0.0,0.0,0.0,0.0,3.0,1.0
0.0,282.0,1932.0,1151.0,1,0.0,1.0,1.0,860000,440.0,0.0,0.0,0.0,0.0,3.0,1.0
1.0,76.0,1932.0,1151.0,1,0.0,0.0,0.0,890000,20.0,0.0,0.0,0.0,0.0,3.0,1.0
1.0,160.0,2593.0,1365.0,0,0.0,1.0,1.0,1350000,160.0,1.0,0.0,1.0,1.0,3.0,1.0
1.0,70.0,1932.0,1151.0,1,0.0,0.0,1.0,860000,9102.0,0.0,0.0,0.0,2.0,3.0,1.0
2.0,289.0,5095.0,2500.0,1,0.0,2.0,0.0,2695000,9102.0,1.0,0.0,1.0,0.0,3.0,1.0
0.0,282.0,1932.0,1200.0,1,2.0,3.0,1.0,2580000,1.0,1.0,1.0,1.0,1.0,3.0,1.0
1.0,74.0,1932.0,1151.0,1,1.0,1.0,1.0,890000,9102.0,1.0,0.0,1.0,4.0,3.0,1.0
0.0,282.0,750.0,1700.0,1,1.0,2.0,1.0,1850000,550.0,1.0,0.0,1.0,4.0,3.0,1.0
0.0,282.0,1932.0,1151.0,1,1.0,0.0,1.0,900000,9102.0,0.0,1.0,1.0,1.0,3.0,1.0
0.0,282.0,1932.0,1151.0,0,0.0,2.0,0.0,2990000,2.0,1.0,1.0,1.0,5.0,3.0,1.0
1.0,66.0,1700.0,600.0,1,0.0,0.0,0.0,1350000,9102.0,1.0,0.0,0.0,0.0,3.0,1.0
1.0,92.0,1932.0,1151.0,1,0.0,0.0,1.0,1850000,9102.0,0.0,0.0,0.0,1.0,3.0,1.0
0.0,282.0,1932.0,1000.0,1,0.0,0.0,1.0,1350000,1.0,0.0,1.0,1.0,2.0,3.0,1.0
0.0,175.0,1932.0,850.0,1,0.0,1.0,1.0,1350000,1.0,0.0,0.0,0.0,1.0,3.0,1.0
1.0,103.0,1800.0,450.0,0,1.0,1.0,0.0,890000,14.0,0.0,0.0,0.0,0.0,3.0,1.0
1.0,79.0,1800.0,550.0,1,0.0,0.0,0.0,1350000,9102.0,1.0,0.0,0.0,0.0,3.0,1.0
2.0,151.0,2800.0,810.0,1,0.0,2.0,1.0,1850000,7.0,1.0,0.0,1.0,0.0,3.0,1.0
1.0,91.0,1953.0,990.0,1,1.0,1.0,1.0,2950000,91.0,0.0,0.0,0.0,1.0,3.0,1.0
0.0,210.0,1932.0,2000.0,1,0.0,2.0,2.0,2390000,742.0,1.0,0.0,0.0,2.0,3.0,1.0
0.0,282.0,1932.0,2800.0,1,1.0,3.0,1.0,2695000,10000.0,0.0,1.0,1.0,8.0,3.0,1.0
0.0,560.0,1932.0,800.0,1,0.0,4.0,1.0,3100000,1.0,0.0,0.0,0.0,2.0,3.0,1.0
0.0,70.0,1932.0,700.0,1,0.0,0.0,0.0,860000,280.0,1.0,0.0,0.0,0.0,3.0,1.0
1.0,86.0,1100.0,650.0,1,1.0,0.0,0.0,1350000,9102.0,0.0,0.0,0.0,0.0,3.0,1.0
2.0,175.0,4450.0,1151.0,1,0.0,1.0,0.0,1850000,9102.0,1.0,0.0,1.0,1.0,3.0,1.0
0.0,282.0,1932.0,1151.0,1,1.0,0.0,1.0,1350000,773.0,0.0,0.0,0.0,1.0,3.0,1.0
0.0,282.0,1932.0,2218.0,1,1.0,2.0,1.0,3600000,1.0,0.0,1.0,1.0,2.0,3.0,1.0
0.0,282.0,1932.0,4500.0,1,0.0,0.0,0.0,2950000,421.0,0.0,0.0,0.0,0.0,3.0,1.0
0.0,288.0,1932.0,1929.0,1,0.0,2.0,1.0,3650000,889.0,1.0,0.0,1.0,0.0,3.0,1.0
0.0,282.0,1932.0,1151.0,1,0.0,1.0,0.0,900000,1.0,0.0,0.0,0.0,0.0,3.0,1.0
1.0,64.0,1600.0,1500.0,0,0.0,1.0,0.0,3100000,9102.0,1.0,0.0,1.0,0.0,3.0,1.0
1.0,84.0,4010.0,1480.0,1,0.0,0.0,0.0,1850000,9102.0,0.0,0.0,0.0,1.0,3.0,1.0
0.0,282.0,1932.0,1151.0,1,0.0,0.0,0.0,6500000,9102.0,0.0,0.0,0.0,0.0,3.0,1.0
0.0,282.0,1932.0,1151.0,1,0.0,0.0,0.0,900000,9102.0,1.0,0.0,1.0,0.0,3.0,1.0
0.0,120.0,1932.0,550.0,1,1.0,0.0,0.0,990000,9102.0,1.0,0.0,0.0,0.0,3.0,1.0
2.0,237.0,4943.0,2331.0,1,0.0,2.0,0.0,4300000,9102.0,1.0,0.0,1.0,0.0,3.0,1.0
0.0,300.0,1932.0,1000.0,1,0.0,3.0,1.0,2390000,1.0,1.0,1.0,1.0,2.0,3.0,1.0
1.0,118.0,4000.0,2736.0,1,1.0,0.0,0.0,2695000,8.0,0.0,1.0,0.0,1.0,3.0,1.0
0.0,282.0,1932.0,915.0,1,0.0,2.0,1.0,1850000,991.0,0.0,0.0,0.0,2.0,3.0,1.0
1.0,282.0,1932.0,1151.0,0,1.0,0.0,1.0,1350000,9102.0,0.0,1.0,0.0,1.0,3.0,1.0
0.0,230.0,1932.0,600.0,1,0.0,1.0,0.0,890000,595.0,0.0,0.0,0.0,0.0,3.0,1.0
1.0,63.0,1932.0,1151.0,1,0.0,0.0,0.0,890000,9102.0,1.0,0.0,1.0,1.0,3.0,1.0
0.0,425.0,3100.0,2100.0,1,0.0,2.0,1.0,2695000,688.0,0.0,0.0,1.0,0.0,3.0,1.0
2.0,60.0,1932.0,1151.0,1,1.0,0.0,0.0,890000,9102.0,0.0,0.0,0.0,1.0,3.0,1.0
1.0,282.0,1515.0,1151.0,1,0.0,0.0,0.0,890000,90.0,0.0,0.0,0.0,0.0,3.0,1.0
0.0,282.0,1932.0,1440.0,1,0.0,2.0,0.0,2999000,1.0,1.0,1.0,1.0,4.0,3.0,1.0
0.0,282.0,1932.0,1151.0,1,1.0,2.0,1.0,900000,9102.0,0.0,0.0,1.0,2.0,3.0,1.0
1.0,282.0,1530.0,736.0,1,0.0,0.0,0.0,890000,9102.0,1.0,1.0,0.0,1.0,3.0,1.0
2.0,69.0,1050.0,300.0,1,0.0,0.0,1.0,645000,12.0,1.0,0.0,0.0,2.0,3.0,1.0
1.0,140.0,4334.0,1390.0,0,1.0,0.0,0.0,1850000,9102.0,0.0,0.0,1.0,0.0,3.0,1.0
1.0,132.0,2125.0,1500.0,1,1.0,1.0,1.0,2695000,9102.0,0.0,1.0,1.0,0.0,3.0,1.0
1.0,72.0,1300.0,900.0,0,0.0,1.0,0.0,990000,21.0,0.0,2.0,0.0,1.0,3.0,1.0
1.0,70.0,1500.0,1400.0,1,1.0,0.0,0.0,2695000,9102.0,0.0,0.0,0.0,0.0,3.0,1.0
2.0,104.0,1000.0,743.0,1,0.0,0.0,1.0,1599000,9102.0,1.0,0.0,0.0,2.0,3.0,1.0
0.0,106.0,1932.0,4584.0,1,0.0,0.0,1.0,6500000,9102.0,0.0,0.0,1.0,6.0,3.0,1.0
0.0,194.0,1100.0,1200.0,1,1.0,2.0,1.0,3650000,285.0,0.0,0.0,1.0,2.0,3.0,1.0
2.0,174.0,1800.0,2166.0,1,0.0,1.0,1.0,3495000,9102.0,1.0,0.0,1.0,1.0,3.0,1.0
0.0,282.0,1932.0,1151.0,0,0.0,0.0,0.0,1350000,217.0,2.0,0.0,0.0,0.0,3.0,1.0
0.0,282.0,1932.0,837.0,1,0.0,2.0,0.0,1599000,1.0,0.0,0.0,0.0,2.0,3.0,1.0
0.0,555.0,2500.0,1151.0,1,0.0,2.0,0.0,3600000,9102.0,0.0,0.0,1.0,2.0,3.0,1.0
0.0,282.0,800.0,1151.0,1,0.0,0.0,0.0,860000,249.0,0.0,0.0,0.0,0.0,3.0,1.0
1.0,102.0,2153.0,1000.0,1,0.0,0.0,0.0,1850000,5.0,0.0,0.0,0.0,0.0,3.0,1.0
1.0,114.0,1200.0,682.0,1,0.0,1.0,1.0,900000,9102.0,0.0,1.0,0.0,1.0,3.0,1.0
2.0,282.0,550.0,900.0,1,0.0,0.0,0.0,890000,9102.0,1.0,0.0,1.0,2.0,3.0,1.0
0.0,282.0,1932.0,1151.0,1,0.0,0.0,0.0,890000,395.0,1.0,0.0,1.0,1.0,3.0,1.0
1.0,101.0,1778.0,387.0,1,1.0,1.0,1.0,1095000,9102.0,0.0,0.0,1.0,1.0,3.0,1.0
0.0,495.0,1932.0,1085.0,1,0.0,0.0,0.0,1095000,497.0,1.0,0.0,1.0,4.0,3.0,1.0
0.0,282.0,1932.0,1151.0,1,1.0,0.0,0.0,890000,9102.0,0.0,0.0,0.0,0.0,3.0,1.0
2.0,282.0,1400.0,1151.0,1,0.0,0.0,0.0,890000,9102.0,0.0,0.0,0.0,1.0,3.0,1.0
2.0,176.0,2800.0,700.0,1,0.0,1.0,0.0,2950000,9102.0,0.0,0.0,0.0,0.0,3.0,1.0
1.0,172.0,1932.0,1100.0,1,1.0,2.0,1.0,2390000,14.0,0.0,1.0,0.0,0.0,3.0,1.0
0.0,155.0,1932.0,900.0,1,0.0,2.0,0.0,1350000,1.0,0.0,0.0,1.0,1.0,3.0,1.0
0.0,245.0,1932.0,1536.0,1,0.0,2.0,1.0,3100000,1.0,0.0,1.0,1.0,4.0,3.0,1.0
0.0,282.0,1932.0,1151.0,1,0.0,0.0,0.0,3300000,1.0,1.0,1.0,1.0,2.0,3.0,1.0
0.0,349.0,1084.0,1700.0,1,0.0,2.0,1.0,4600000,700.0,0.0,0.0,0.0,4.0,3.0,1.0
0.0,282.0,1932.0,1151.0,1,0.0,0.0,0.0,1350000,502.0,0.0,0.0,0.0,0.0,3.0,1.0
0.0,282.0,2600.0,550.0,1,0.0,2.0,1.0,2190000,402.0,1.0,0.0,1.0,0.0,3.0,1.0
1.0,72.0,727.0,660.0,0,0.0,1.0,0.0,860000,9102.0,1.0,0.0,1.0,0.0,3.0,1.0
1.0,101.0,3795.0,1657.0,1,0.0,0.0,0.0,3495000,9102.0,0.0,0.0,0.0,0.0,3.0,1.0
0.0,282.0,1932.0,2500.0,1,2.0,2.0,1.0,3300000,2.0,1.0,1.0,1.0,0.0,3.0,1.0
0.0,190.0,1932.0,1151.0,1,1.0,3.0,0.0,1850000,885.0,0.0,0.0,1.0,0.0,3.0,1.0
0.0,282.0,350.0,150.0,1,0.0,0.0,0.0,990000,9102.0,0.0,0.0,0.0,0.0,3.0,1.0
0.0,282.0,1932.0,1151.0,1,0.0,1.0,1.0,3300000,9102.0,0.0,1.0,0.0,3.0,3.0,1.0
0.0,270.0,1650.0,1365.0,1,0.0,2.0,0.0,2999000,9102.0,0.0,0.0,0.0,0.0,3.0,1.0
0.0,115.0,1932.0,700.0,0,0.0,0.0,0.0,900000,378.0,1.0,0.0,0.0,0.0,3.0,1.0
0.0,608.0,1932.0,1151.0,1,0.0,1.0,0.0,1850000,608.0,0.0,0.0,0.0,0.0,3.0,1.0
0.0,282.0,1932.0,980.0,1,0.0,2.0,0.0,1850000,900.0,1.0,0.0,0.0,0.0,3.0,1.0
0.0,282.0,1932.0,1700.0,1,1.0,2.0,0.0,3300000,1.0,0.0,1.0,1.0,0.0,3.0,1.0
0.0,282.0,1932.0,1900.0,1,1.0,2.0,0.0,2950000,400.0,0.0,0.0,1.0,1.0,3.0,1.0
1.0,97.0,2312.0,968.0,0,0.0,0.0,1.0,1350000,9102.0,1.0,0.0,1.0,1.0,3.0,1.0
1.0,67.0,1932.0,1151.0,0,0.0,0.0,0.0,1350000,9102.0,0.0,0.0,0.0,0.0,3.0,1.0
1.0,282.0,1932.0,1151.0,1,1.0,0.0,0.0,645000,9102.0,0.0,0.0,0.0,1.0,3.0,1.0
0.0,450.0,1932.0,1350.0,1,1.0,2.0,1.0,2950000,2.0,0.0,1.0,1.0,3.0,3.0,1.0
2.0,282.0,1932.0,1084.0,1,0.0,0.0,0.0,1236000,306.0,0.0,0.0,1.0,0.0,3.0,1.0
0.0,282.0,1932.0,1151.0,1,1.0,2.0,1.0,3495000,1.0,0.0,1.0,1.0,4.0,3.0,1.0
1.0,282.0,1600.0,350.0,0,0.0,0.0,0.0,890000,9102.0,0.0,0.0,1.0,1.0,3.0,1.0
2.0,65.0,900.0,1151.0,1,0.0,1.0,0.0,645000,9102.0,0.0,0.0,0.0,0.0,3.0,1.0
2.0,150.0,700.0,863.0,0,0.0,1.0,0.0,1095000,2.0,1.0,0.0,1.0,1.0,3.0,1.0
0.0,282.0,1932.0,750.0,1,1.0,2.0,1.0,1850000,17.0,0.0,1.0,1.0,6.0,3.0,1.0
0.0,331.0,1932.0,900.0,1,1.0,2.0,1.0,3100000,1.0,2.0,1.0,1.0,4.0,3.0,1.0
2.0,63.0,1099.0,1012.0,0,0.0,0.0,0.0,860000,9102.0,0.0,0.0,0.0,0.0,3.0,1.0
1.0,105.0,656.0,389.0,1,1.0,1.0,0.0,990000,9102.0,0.0,0.0,1.0,0.0,3.0,1.0
0.0,177.0,960.0,1188.0,1,0.0,1.0,0.0,3300000,186.0,1.0,0.0,1.0,0.0,3.0,1.0
0.0,282.0,700.0,1151.0,1,1.0,2.0,1.0,2190000,449.0,0.0,0.0,1.0,1.0,3.0,1.0
0.0,260.0,2240.0,2558.0,1,0.0,2.0,1.0,2999000,9102.0,1.0,0.0,0.0,1.0,3.0,1.0
0.0,282.0,1932.0,216.0,1,1.0,1.0,0.0,900000,205.0,0.0,0.0,1.0,0.0,3.0,1.0
2.0,240.0,2700.0,1570.0,0,0.0,2.0,1.0,2695000,9102.0,0.0,0.0,0.0,0.0,3.0,1.0
1.0,114.0,2075.0,555.0,0,1.0,2.0,0.0,900000,9102.0,0.0,0.0,1.0,0.0,3.0,1.0
1.0,74.0,2000.0,720.0,1,1.0,0.0,0.0,890000,4.0,1.0,1.0,1.0,2.0,3.0,1.0
0.0,282.0,1932.0,1000.0,0,0.0,3.0,0.0,1850000,1.0,0.0,0.0,1.0,0.0,3.0,1.0
1.0,86.0,1750.0,180.0,0,1.0,1.0,1.0,860000,9102.0,0.0,1.0,1.0,0.0,3.0,1.0
0.0,400.0,1932.0,2596.0,1,1.0,3.0,0.0,3300000,9102.0,0.0,0.0,1.0,0.0,3.0,1.0
0.0,282.0,1932.0,1298.0,1,0.0,4.0,1.0,2950000,2.0,1.0,1.0,1.0,0.0,3.0,1.0
1.0,282.0,1932.0,1151.0,0,0.0,0.0,0.0,900000,9102.0,0.0,0.0,0.0,2.0,3.0,1.0
0.0,1073.0,1932.0,1114.0,1,0.0,0.0,0.0,2950000,9102.0,0.0,0.0,0.0,0.0,3.0,1.0
1.0,282.0,1932.0,798.0,0,0.0,0.0,1.0,1095000,9102.0,1.0,0.0,1.0,1.0,3.0,1.0
1.0,92.0,1600.0,461.0,0,0.0,0.0,0.0,1350000,2.0,1.0,0.0,1.0,0.0,3.0,1.0
1.0,57.0,1525.0,795.0,1,0.0,0.0,0.0,1350000,9102.0,1.0,1.0,0.0,1.0,3.0,1.0
0.0,282.0,1932.0,881.0,1,0.0,3.0,0.0,3100000,8.0,0.0,0.0,1.0,0.0,3.0,1.0
0.0,220.0,850.0,1693.0,1,1.0,2.0,0.0,2390000,1.0,0.0,0.0,0.0,0.0,3.0,1.0
0.0,370.0,2200.0,2800.0,0,0.0,2.0,0.0,3600000,1.0,1.0,0.0,1.0,0.0,3.0,1.0
0.0,230.0,1932.0,608.0,1,0.0,2.0,1.0,1350000,685.0,1.0,0.0,1.0,0.0,3.0,1.0
0.0,282.0,1932.0,1000.0,1,1.0,1.0,0.0,1850000,466.0,0.0,0.0,0.0,0.0,3.0,1.0
0.0,282.0,1932.0,1151.0,1,1.0,0.0,1.0,900000,767.0,0.0,0.0,1.0,2.0,3.0,1.0
0.0,310.0,1932.0,1250.0,1,0.0,6.0,0.0,3495000,1.0,1.0,0.0,1.0,0.0,3.0,1.0
0.0,282.0,1932.0,1151.0,1,0.0,1.0,1.0,2950000,1.0,0.0,1.0,0.0,1.0,3.0,1.0
1.0,282.0,889.0,399.0,1,1.0,0.0,0.0,645000,9102.0,0.0,0.0,0.0,1.0,3.0,1.0
1.0,99.0,3400.0,730.0,0,0.0,2.0,0.0,1095000,9102.0,0.0,0.0,1.0,0.0,3.0,1.0
0.0,396.0,1932.0,2100.0,1,0.0,2.0,0.0,3495000,2.0,1.0,0.0,1.0,0.0,3.0,1.0
1.0,45.0,1924.0,550.0,1,0.0,0.0,0.0,1850000,9102.0,1.0,0.0,0.0,0.0,3.0,1.0
0.0,282.0,1932.0,1151.0,1,0.0,2.0,1.0,990000,9102.0,0.0,0.0,1.0,1.0,3.0,1.0
0.0,282.0,1932.0,1151.0,1,0.0,4.0,0.0,3600000,214.0,0.0,0.0,0.0,1.0,3.0,1.0
1.0,282.0,1250.0,548.0,0,0.0,0.0,0.0,890000,32.0,1.0,0.0,1.0,1.0,3.0,1.0
1.0,282.0,22678.0,1151.0,1,0.0,0.0,1.0,3600000,9102.0,0.0,1.0,0.0,1.0,3.0,1.0
0.0,282.0,1932.0,1151.0,1,1.0,2.0,1.0,2999000,1.0,0.0,1.0,1.0,0.0,3.0,1.0
1.0,282.0,1200.0,500.0,1,1.0,0.0,1.0,890000,71.0,0.0,1.0,0.0,1.0,3.0,1.0
0.0,282.0,1932.0,1151.0,1,0.0,2.0,0.0,1350000,1.0,0.0,0.0,1.0,0.0,3.0,1.0
0.0,420.0,1932.0,1539.0,1,1.0,2.0,0.0,3650000,1.0,0.0,1.0,1.0,4.0,3.0,1.0
1.0,87.0,3540.0,1356.0,1,1.0,0.0,0.0,2390000,9102.0,0.0,1.0,1.0,2.0,3.0,1.0
0.0,282.0,1932.0,1151.0,0,0.0,0.0,0.0,645000,9102.0,0.0,0.0,0.0,0.0,3.0,1.0
2.0,61.0,1800.0,250.0,1,0.0,0.0,0.0,645000,9102.0,0.0,0.0,0.0,1.0,3.0,1.0
0.0,232.0,1932.0,560.0,1,0.0,2.0,0.0,2695000,520.0,0.0,1.0,1.0,2.0,3.0,1.0
0.0,235.0,1932.0,1500.0,1,1.0,2.0,1.0,2990000,489.0,1.0,0.0,1.0,2.0,3.0,1.0
1.0,120.0,2630.0,1031.0,1,0.0,2.0,0.0,2695000,9102.0,1.0,0.0,1.0,0.0,3.0,1.0
0.0,282.0,1932.0,815.0,1,0.0,2.0,0.0,1850000,1.0,0.0,0.0,0.0,2.0,3.0,1.0
0.0,330.0,1932.0,2067.0,1,0.0,3.5,0.0,2695000,1.0,1.0,0.0,1.0,0.0,3.0,1.0
2.0,98.0,1670.0,1151.0,1,0.0,0.0,0.0,890000,9102.0,0.0,0.0,0.0,0.0,3.0,1.0
0.0,282.0,400.0,930.0,1,0.0,1.0,1.0,890000,9102.0,1.0,0.0,0.0,0.0,3.0,1.0
1.0,77.0,1100.0,595.0,1,0.0,0.0,0.0,860000,77.0,0.0,0.0,0.0,1.0,3.0,1.5
0.0,174.0,1932.0,1151.0,0,0.0,2.0,0.0,1350000,650.0,0.0,0.0,0.0,1.0,3.0,1.0
0.0,282.0,1932.0,1151.0,1,0.0,1.0,1.0,900000,991.0,1.0,0.0,0.0,0.0,3.0,1.0
1.0,103.0,5400.0,1250.0,1,1.0,0.0,0.0,1350000,854.0,0.0,0.0,1.0,1.0,3.0,1.0
1.0,106.0,1932.0,1151.0,1,0.0,0.0,0.0,3100000,9102.0,0.0,0.0,0.0,0.0,3.0,1.0
0.0,282.0,1932.0,1000.0,1,0.0,2.0,1.0,1350000,1.0,0.0,0.0,0.0,0.0,3.0,1.0
0.0,282.0,850.0,613.0,0,1.0,1.0,0.0,860000,444.0,0.0,0.0,1.0,1.0,3.0,1.0
1.0,200.0,5740.0,2800.0,1,0.0,0.0,0.0,4300000,23.0,0.0,1.0,1.0,3.0,3.0,1.0
1.0,282.0,899.0,399.0,1,1.0,0.0,0.0,645000,9102.0,0.0,0.0,0.0,1.0,3.0,1.0
1.0,44.0,950.0,1.0,1,0.0,0.0,0.0,860000,44.0,1.0,0.0,0.0,1.0,3.0,1.0
1.0,91.0,2662.0,916.0,1,1.0,0.0,1.0,1350000,10.0,1.0,1.0,1.0,1.0,3.0,1.0
0.0,300.0,1932.0,1262.0,1,1.0,2.0,1.0,1850000,1.0,0.0,1.0,1.0,2.0,3.0,1.0
1.0,116.0,1932.0,500.0,0,0.0,0.0,0.0,1236000,9102.0,1.0,0.0,1.0,0.0,3.0,1.0
1.0,103.0,2703.0,1013.0,1,1.0,0.0,0.0,1350000,9102.0,0.0,0.0,0.0,1.0,3.0,1.0
0.0,282.0,1932.0,540.0,1,0.0,0.0,1.0,1850000,764.0,0.0,0.0,0.0,0.0,3.0,1.0
0.0,282.0,1932.0,1200.0,1,0.0,0.0,0.0,2695000,9102.0,1.0,1.0,1.0,8.0,3.0,1.0
1.0,80.0,2265.0,1200.0,1,1.0,0.0,0.0,1350000,9102.0,0.0,1.0,1.0,1.0,3.0,1.0
0.0,149.0,1932.0,1151.0,1,0.0,1.0,0.0,2695000,369.0,1.0,0.0,0.0,2.0,3.0,1.0
2.0,137.0,3640.0,1295.0,1,1.0,1.0,1.0,2390000,137.0,0.0,0.0,1.0,2.0,3.0,1.0
0.0,282.0,1932.0,350.0,1,0.0,2.0,1.0,1350000,900.0,1.0,0.0,0.0,0.0,3.0,1.0
2.0,86.0,1090.0,548.0,1,1.0,0.0,0.0,890000,9102.0,0.0,1.0,0.0,1.0,3.0,1.0
1.0,71.0,6406.0,1420.0,1,0.0,0.0,1.0,4300000,9102.0,0.0,0.0,0.0,3.0,3.0,1.0
2.0,282.0,1932.0,1151.0,1,1.0,1.0,0.0,1095000,205.0,0.0,0.0,0.0,1.0,3.0,1.0
0.0,282.0,600.0,220.0,1,0.0,2.0,0.0,1095000,280.0,1.0,0.0,0.0,1.0,3.0,1.0
1.0,41.0,1482.0,537.0,1,1.0,0.0,0.0,1350000,9102.0,0.0,0.0,0.0,1.0,3.0,1.0
0.0,207.0,1885.0,1950.0,1,0.0,2.0,1.0,2950000,207.0,0.0,0.0,0.0,0.0,3.0,1.0
0.0,530.0,1932.0,3600.0,1,0.0,4.0,1.0,6500000,2.0,1.0,0.0,0.0,4.0,3.0,1.0
1.0,96.0,675.0,1900.0,0,1.0,0.0,0.0,900000,9102.0,0.0,0.0,1.0,0.0,3.0,1.0
0.0,282.0,1932.0,1151.0,1,0.0,0.0,0.0,3600000,9102.0,0.0,0.0,0.0,0.0,3.0,1.0
0.0,91.0,1932.0,755.0,1,0.0,0.0,0.0,1350000,347.0,1.0,0.0,0.0,0.0,3.0,1.0
1.0,1400.0,920.0,920.0,1,1.0,0.0,1.0,890000,53.0,0.0,0.0,1.0,1.0,3.0,1.0
2.0,9.0,897.0,545.0,0,0.0,0.0,0.0,645000,9102.0,1.0,0.0,0.0,0.0,3.0,1.0
0.0,282.0,1932.0,1151.0,1,0.0,2.0,1.0,990000,833.0,2.0,1.0,2.0,1.0,3.0,1.0
0.0,282.0,1932.0,1151.0,1,0.0,2.0,0.0,990000,9102.0,0.0,0.0,1.0,0.0,3.0,1.0
2.0,282.0,1932.0,1151.0,1,0.0,0.0,1.0,1350000,9102.0,1.0,0.0,0.0,1.0,3.0,1.0
0.0,137.0,1932.0,1151.0,1,1.0,2.0,0.0,2580000,250.0,0.0,0.0,1.0,2.0,3.0,1.0
1.0,56.0,1932.0,1151.0,1,1.0,0.0,0.0,1350000,9102.0,0.0,0.0,0.0,2.0,3.0,1.0
0.0,282.0,1932.0,315.0,1,1.0,1.0,0.0,990000,9102.0,0.0,0.0,0.0,1.0,3.0,1.0
0.0,282.0,1932.0,648.0,1,0.0,1.0,0.0,3100000,1.0,0.0,0.0,0.0,0.0,3.0,1.0
0.0,282.0,1932.0,1151.0,1,2.0,2.0,1.0,2990000,9102.0,1.0,0.0,1.0,2.0,3.0,1.0
0.0,282.0,1932.0,1151.0,1,0.0,0.0,0.0,860000,9102.0,0.0,0.0,0.0,0.0,3.0,1.0
2.0,122.0,2500.0,750.0,0,0.0,1.0,0.0,1850000,7.0,1.0,0.0,1.0,1.0,3.0,1.0
0.0,282.0,600.0,1000.0,1,0.0,2.0,1.0,2999000,9102.0,1.0,0.0,1.0,0.0,3.0,1.0
2.0,116.0,1800.0,650.0,1,0.0,1.0,1.0,990000,9102.0,1.0,0.0,0.0,0.0,3.0,1.0
0.0,210.0,1932.0,1151.0,1,0.0,2.0,1.0,1350000,1.0,0.0,0.0,0.0,0.0,3.0,1.0
1.0,119.0,1200.0,1151.0,0,0.0,0.0,0.0,1350000,9102.0,1.0,0.0,0.0,2.0,3.0,1.0
0.0,282.0,1932.0,2820.0,1,0.0,2.0,0.0,4600000,899.0,1.0,0.0,1.0,0.0,3.0,1.0
0.0,282.0,1932.0,1151.0,1,0.0,0.0,0.0,1850000,650.0,2.0,0.0,0.0,8.0,3.0,1.0
1.0,83.0,1000.0,550.0,1,1.0,0.0,0.0,645000,9.0,0.0,0.0,0.0,1.0,3.0,1.0
0.0,282.0,1932.0,700.0,1,0.0,0.0,1.0,890000,976.0,1.0,0.0,1.0,1.0,3.0,1.0
0.0,282.0,1700.0,1380.0,1,0.0,1.0,0.0,3300000,587.0,0.0,0.0,0.0,0.0,3.0,1.0
0.0,144.0,1932.0,1151.0,1,0.0,0.0,0.0,1850000,250.0,1.0,0.0,1.0,0.0,3.0,1.0
0.0,282.0,1932.0,900.0,1,0.0,1.0,0.0,890000,1.0,0.0,0.0,0.0,1.0,3.0,1.0
2.0,147.0,1228.0,716.0,1,0.0,2.0,1.0,1350000,9102.0,0.0,0.0,1.0,2.0,3.0,1.0
0.0,282.0,1932.0,1151.0,1,0.0,0.0,0.0,3650000,1.0,1.0,0.0,0.0,0.0,3.0,1.0
0.0,282.0,1932.0,1151.0,1,0.0,0.0,0.0,900000,1.0,0.0,0.0,0.0,0.0,3.0,1.0
0.0,282.0,1932.0,1151.0,1,0.0,0.0,1.0,1350000,782.0,0.0,1.0,0.0,4.0,3.0,1.0
0.0,282.0,1932.0,600.0,1,0.0,0.0,1.0,1350000,928.0,1.0,1.0,0.0,4.0,3.0,1.0
0.0,282.0,1932.0,2200.0,1,0.0,1.0,1.0,3300000,500.0,0.0,1.0,0.0,2.0,3.0,1.0
0.0,282.0,1932.0,1511.0,1,1.0,2.0,1.0,3300000,2.0,0.0,0.0,1.0,1.0,3.0,1.0
1.0,126.0,1200.0,800.0,1,0.0,0.0,0.0,1850000,9102.0,1.0,0.0,1.0,2.0,3.0,1.0
0.0,282.0,1932.0,1151.0,1,1.0,0.0,0.0,1350000,9102.0,0.0,0.0,0.0,2.0,3.0,1.0
0.0,252.0,1932.0,565.0,1,0.0,0.0,1.0,1350000,1.0,1.0,0.0,1.0,3.0,3.0,1.0
1.0,65.0,984.0,221.0,0,0.0,0.0,0.0,890000,2.0,1.0,1.0,0.0,1.0,3.0,1.0
1.0,75.0,1887.0,630.0,1,1.0,0.0,0.0,900000,9102.0,1.0,1.0,0.0,2.0,3.0,1.0
0.0,118.0,300.0,591.0,1,0.0,1.0,1.0,1850000,216.0,1.0,1.0,0.0,0.0,3.0,1.0
2.0,282.0,1932.0,1151.0,1,0.0,0.0,0.0,860000,9102.0,0.0,0.0,0.0,0.0,3.0,1.0
1.0,124.0,2325.0,470.0,1,0.0,0.0,0.0,900000,6.0,0.0,0.0,0.0,0.0,3.0,1.0
1.0,65.0,2000.0,500.0,1,0.0,0.0,0.0,890000,9102.0,1.0,0.0,0.0,2.0,3.0,1.0
1.0,70.0,1600.0,470.0,0,0.0,0.0,0.0,890000,9102.0,1.0,0.0,0.0,1.0,3.0,1.0
0.0,282.0,1932.0,750.0,1,0.0,2.0,1.0,1350000,800.0,0.0,0.0,1.0,10.0,3.0,1.0
2.0,157.0,1170.0,1151.0,1,0.0,2.0,1.0,900000,1.0,0.0,0.0,1.0,0.0,3.0,1.0
0.0,282.0,1932.0,496.0,1,1.0,1.0,1.0,860000,511.0,0.0,0.0,0.0,1.0,3.0,1.0
0.0,282.0,1932.0,1300.0,1,0.0,0.0,1.0,1350000,1.0,0.0,0.0,1.0,2.0,3.0,1.0
1.0,82.0,2265.0,706.0,1,1.0,0.0,1.0,2190000,9102.0,0.0,0.0,0.0,2.0,3.0,1.0
0.0,400.0,1932.0,1000.0,1,1.0,3.0,1.0,2990000,1.0,0.0,1.0,0.0,0.0,3.0,1.0
0.0,282.0,1932.0,1151.0,0,0.0,1.0,0.0,860000,700.0,1.0,0.0,0.0,0.0,3.0,1.0
0.0,302.0,1932.0,770.0,1,1.0,0.0,1.0,2390000,1.0,0.0,1.0,1.0,2.0,3.0,1.0
2.0,161.0,1932.0,1000.0,1,1.0,2.0,1.0,860000,303.0,1.0,0.0,1.0,0.0,3.0,1.0
2.0,89.0,1936.0,1936.0,1,0.0,0.0,0.0,1095000,9102.0,1.0,0.0,0.0,1.0,3.0,1.0
2.0,282.0,1932.0,1151.0,0,0.0,2.0,0.0,1350000,9102.0,1.0,0.0,0.0,0.0,3.0,1.0
2.0,183.0,2300.0,1600.0,1,0.0,2.0,0.0,3300000,9102.0,1.0,0.0,1.0,0.0,3.0,1.0
1.0,67.0,1932.0,1151.0,0,0.0,0.0,0.0,645000,9102.0,1.0,0.0,1.0,0.0,3.0,1.0
0.0,487.0,1915.0,2700.0,1,0.0,4.0,1.0,6500000,720.0,0.0,1.0,1.0,0.0,3.0,1.0
0.0,114.0,1932.0,670.0,1,0.0,0.0,0.0,1350000,290.0,1.0,0.0,1.0,0.0,3.0,1.0
1.0,139.0,1050.0,1151.0,0,0.0,1.0,1.0,1350000,9102.0,1.0,0.0,1.0,2.0,3.0,1.0
1.0,104.0,2362.0,1002.0,1,1.0,0.0,0.0,1350000,9102.0,0.0,0.0,0.0,0.0,3.0,1.0
0.0,282.0,1932.0,1151.0,1,0.0,1.0,0.0,900000,9102.0,1.0,0.0,1.0,1.0,3.0,1.0
1.0,282.0,1356.0,1151.0,1,0.0,0.0,0.0,1350000,9102.0,1.0,0.0,1.0,1.0,3.0,1.0
0.0,282.0,1932.0,666.0,1,0.0,5.0,2.0,1850000,760.0,1.0,0.0,0.0,2.0,3.0,1.0
0.0,282.0,1932.0,600.0,1,1.0,2.0,1.0,1095000,858.0,0.0,1.0,1.0,3.0,3.0,1.0
1.0,71.0,2850.0,500.0,1,1.0,0.0,1.0,1850000,9102.0,1.0,0.0,0.0,1.0,3.0,1.0
0.0,167.0,995.0,1620.0,1,0.0,0.0,0.0,3650000,192.0,1.0,0.0,1.0,0.0,3.0,1.0
0.0,400.0,1932.0,1500.0,1,1.0,2.0,0.0,3300000,2.0,0.0,0.0,1.0,1.0,3.0,1.0
2.0,282.0,50000.0,525.0,1,1.0,0.0,0.0,900000,147.0,0.0,0.0,0.0,0.0,3.0,1.0
0.0,390.0,2700.0,2000.0,1,1.0,2.0,1.0,6500000,684.0,0.0,0.0,1.0,2.0,3.0,1.0
2.0,191.0,1932.0,1151.0,0,0.0,2.0,0.0,2950000,300.0,1.0,0.0,1.0,0.0,3.0,1.0
2.0,208.0,3017.0,2823.0,1,1.0,2.0,0.0,3650000,229.0,0.0,0.0,0.0,1.0,3.0,1.0
0.0,200.0,400.0,2200.0,1,1.0,0.0,1.0,3100000,16.0,0.0,1.0,1.0,0.0,3.0,1.0
2.0,282.0,1267.0,1967.0,1,0.0,0.0,0.0,2999000,196.0,1.0,0.0,1.0,0.0,3.0,1.0
0.0,282.0,1932.0,1151.0,1,0.0,0.0,0.0,890000,9102.0,1.0,0.0,0.0,0.0,3.0,1.0
1.0,92.0,1668.0,815.0,1,1.0,0.0,1.0,1095000,9102.0,0.0,0.0,0.0,0.0,3.0,1.0
1.0,100.0,2740.0,1495.0,1,1.0,1.0,0.0,3100000,9102.0,0.0,0.0,0.0,0.0,3.0,1.0
0.0,172.0,350.0,580.0,1,1.0,2.0,1.0,3100000,661.0,0.0,0.0,1.0,0.0,3.0,1.0
1.0,88.0,1064.0,780.0,1,0.0,0.0,0.0,990000,9102.0,1.0,0.0,0.0,0.0,3.0,1.0
0.0,240.0,1932.0,1500.0,0,0.0,4.0,0.0,2950000,1.0,2.0,0.0,1.0,0.0,3.0,1.0
0.0,300.0,1932.0,320.0,1,0.0,1.0,0.0,1850000,809.0,1.0,0.0,0.0,0.0,3.0,1.0
0.0,282.0,1932.0,1800.0,1,0.0,0.0,1.0,6500000,1.0,5.0,0.0,1.0,11.0,3.0,1.0
0.0,282.0,1932.0,1151.0,1,0.0,0.0,0.0,860000,595.0,1.0,0.0,1.0,3.0,3.0,1.0
1.0,74.0,1900.0,900.0,0,1.0,2.0,0.0,1350000,9102.0,0.0,1.0,1.0,0.0,3.0,1.0
2.0,282.0,1932.0,1151.0,0,0.0,1.0,0.0,1350000,9102.0,1.0,0.0,0.0,1.0,3.0,1.0
1.0,143.0,1932.0,1151.0,0,1.0,1.0,0.0,2999000,9102.0,0.0,0.0,0.0,0.0,3.0,1.0
0.0,740.0,1620.0,420.0,1,1.0,3.0,1.0,6500000,5.0,1.0,1.0,1.0,9.0,3.0,1.0
2.0,72.0,3232.0,1151.0,1,0.0,0.0,0.0,1350000,9102.0,1.0,0.0,0.0,0.0,3.0,1.0
0.0,333.0,1932.0,2584.0,1,1.0,1.0,1.0,3495000,1.0,0.0,0.0,1.0,1.0,3.0,1.0
0.0,282.0,1932.0,1151.0,1,1.0,1.0,1.0,900000,207.0,0.0,0.0,1.0,0.0,3.0,1.0
0.0,282.0,1932.0,1151.0,1,0.0,2.0,0.0,1850000,992.0,1.0,0.0,1.0,0.0,3.0,1.0
2.0,282.0,1932.0,1151.0,1,0.0,2.0,0.0,2950000,9102.0,1.0,0.0,1.0,1.0,3.0,1.0
1.0,50.0,2200.0,350.0,1,0.0,0.0,0.0,1350000,50.0,0.0,0.0,0.0,0.0,3.0,1.0
2.0,172.0,1699.0,837.0,1,1.0,2.0,0.0,1350000,9102.0,0.0,0.0,0.0,1.0,3.0,1.0
0.0,282.0,1932.0,250.0,0,0.0,0.0,0.0,645000,9102.0,1.0,0.0,0.0,0.0,3.0,1.0
0.0,495.0,370.0,480.0,1,1.0,0.0,1.0,990000,9102.0,0.0,0.0,0.0,4.0,3.0,1.0
0.0,157.0,2425.0,1080.0,1,0.0,1.0,0.0,2390000,300.0,1.0,0.0,0.0,2.0,3.0,1.0
0.0,70.0,499.0,600.0,1,0.0,0.0,1.0,890000,200.0,0.0,0.0,0.0,0.0,3.0,1.0
2.0,160.0,1630.0,930.0,1,0.0,2.0,1.0,1350000,9102.0,1.0,0.0,0.0,0.0,3.0,1.0
1.0,37.0,1176.0,662.0,0,0.0,0.0,0.0,1350000,9102.0,0.0,0.0,0.0,1.0,3.0,1.0
0.0,180.0,1932.0,920.0,1,0.0,1.0,1.0,2190000,495.0,1.0,0.0,1.0,6.0,3.0,1.0
0.0,328.0,1932.0,1200.0,1,2.0,4.0,0.0,1850000,1.0,0.0,1.0,1.0,1.0,3.0,1.0
1.0,78.0,1550.0,1100.0,0,0.0,0.0,0.0,2190000,9102.0,1.0,0.0,0.0,0.0,3.0,1.0
0.0,282.0,1932.0,1716.0,1,0.0,1.0,1.0,1850000,1.0,0.0,1.0,0.0,2.0,3.0,1.0
1.0,122.0,2200.0,1151.0,0,0.0,0.0,0.0,2695000,9102.0,0.0,0.0,0.0,0.0,3.0,1.0
0.0,282.0,1932.0,1151.0,0,0.0,1.0,1.0,1850000,2.0,1.0,1.0,0.0,1.0,3.0,1.0
0.0,137.0,1932.0,141.0,1,0.0,0.0,0.0,900000,291.0,1.0,0.0,1.0,0.0,3.0,1.0
2.0,109.0,1706.0,495.0,1,1.0,2.0,1.0,1350000,9102.0,0.0,0.0,1.0,1.0,3.0,1.0
0.0,282.0,1932.0,1400.0,1,0.0,0.0,0.0,3100000,930.0,3.0,0.0,1.0,0.0,3.0,1.0
1.0,30.0,690.0,790.0,1,0.0,0.0,0.0,990000,9102.0,1.0,1.0,0.0,1.0,3.0,1.0
0.0,282.0,1932.0,3732.0,1,0.0,3.0,0.0,4600000,1.0,1.0,1.0,1.0,0.0,3.0,1.0
2.0,121.0,1300.0,800.0,1,0.0,0.0,0.0,900000,2.0,0.0,0.0,1.0,2.0,3.0,1.0
2.0,282.0,1932.0,1151.0,1,0.0,0.0,0.0,890000,9102.0,0.0,0.0,0.0,2.0,3.0,1.0
1.0,282.0,1932.0,1151.0,1,0.0,0.0,0.0,900000,9102.0,1.0,0.0,0.0,1.0,3.0,1.0
0.0,282.0,1932.0,750.0,1,1.0,3.0,1.0,1350000,1.0,1.0,1.0,1.0,2.0,3.0,1.0
0.0,282.0,1932.0,800.0,1,1.0,2.0,1.0,1350000,1.0,1.0,0.0,1.0,0.0,3.0,1.0
0.0,282.0,1932.0,1151.0,1,0.0,1.0,0.0,890000,313.0,1.0,0.0,0.0,0.0,3.0,1.0
0.0,282.0,2500.0,3510.0,0,1.0,3.0,1.0,6500000,815.0,0.0,1.0,1.0,8.0,3.0,1.0
1.0,103.0,1704.0,850.0,1,1.0,0.0,0.0,1350000,9102.0,0.0,0.0,0.0,0.0,3.0,1.0
0.0,282.0,1932.0,1151.0,1,0.0,2.0,1.0,900000,9510000.0,1.0,0.0,0.0,3.0,3.0,1.0
0.0,282.0,1932.0,1151.0,1,0.0,1.0,0.0,1350000,9102.0,0.0,0.0,0.0,4.0,3.0,1.0
1.0,80.0,1932.0,1151.0,1,1.0,0.0,0.0,645000,9102.0,0.0,0.0,0.0,0.0,3.0,1.0
0.0,282.0,150.0,150.0,1,0.0,1.0,0.0,890000,282.0,0.0,0.0,0.0,1.0,3.0,1.0
0.0,110.0,3912.0,1500.0,1,1.0,1.0,1.0,3100000,316.0,1.0,0.0,1.0,0.0,3.0,1.0
0.0,107.0,3124.0,1498.0,1,0.0,1.0,1.0,2240000,9102.0,0.0,0.0,0.0,1.0,3.0,1.0
0.0,282.0,1932.0,1151.0,0,1.0,2.0,0.0,890000,9102.0,0.0,0.0,1.0,0.0,3.0,1.0
0.0,282.0,1460.0,955.0,1,1.0,4.0,1.0,6500000,533.0,0.0,0.0,1.0,0.0,3.0,1.0
1.0,53.0,1932.0,1151.0,1,0.0,0.0,0.0,2999000,9102.0,0.0,0.0,0.0,1.0,3.0,1.0
0.0,282.0,1932.0,1151.0,1,1.0,3.0,1.0,3600000,950.0,0.0,1.0,1.0,2.0,3.0,1.0
0.0,340.0,2300.0,1200.0,1,0.0,3.0,0.0,3650000,1.0,0.0,0.0,2.0,6.0,3.0,1.0
1.0,103.0,1100.0,900.0,1,1.0,0.0,0.0,890000,9102.0,0.0,0.0,0.0,2.0,3.0,1.0
0.0,420.0,1915.0,2800.0,1,1.0,3.0,1.0,4600000,1.0,0.0,1.0,1.0,0.0,3.0,1.0
1.0,67.0,1100.0,700.0,1,1.0,0.0,1.0,900000,9102.0,1.0,1.0,1.0,1.0,3.0,1.0
1.0,50.0,1932.0,1151.0,1,0.0,0.0,0.0,990000,9102.0,1.0,0.0,0.0,1.0,3.0,1.0
1.0,282.0,1932.0,1151.0,1,0.0,0.0,0.0,1350000,9102.0,1.0,0.0,1.0,0.0,3.0,1.0
2.0,76.0,2152.0,729.0,1,0.0,0.0,0.0,1350000,9102.0,0.0,0.0,0.0,0.0,3.0,1.0
1.0,227.0,3558.0,1151.0,1,0.0,1.0,0.0,2990000,689.0,1.0,1.0,0.0,2.0,3.0,1.0
0.0,282.0,425.0,2070.0,1,1.0,6.0,1.0,3650000,1.0,0.0,1.0,1.0,4.0,3.0,1.0
0.0,282.0,1932.0,1151.0,1,1.0,2.0,1.0,1350000,595.0,0.0,0.0,0.0,2.0,3.0,1.0
2.0,98.0,1932.0,1151.0,1,1.0,0.0,0.0,900000,9102.0,0.0,0.0,1.0,2.0,3.0,1.0
0.0,282.0,1932.0,257.0,1,1.0,1.0,0.0,1350000,247.0,0.0,0.0,0.0,0.0,3.0,1.0
0.0,282.0,1932.0,1745.0,1,0.0,0.0,1.0,3495000,2.0,1.0,1.0,0.0,0.0,3.0,1.0
0.0,401.0,1932.0,1613.0,1,0.0,4.0,1.0,1850000,1.0,0.0,0.0,1.0,2.0,3.0,1.0
0.0,282.0,1932.0,850.0,1,0.0,2.0,0.0,4300000,800.0,1.0,0.0,4.0,6.0,3.0,1.0
0.0,282.0,1932.0,600.0,1,1.0,1.0,1.0,860000,730.0,0.0,0.0,0.0,1.0,3.0,1.0
2.0,91.0,3272.0,837.0,1,1.0,0.0,1.0,1350000,91.0,0.0,1.0,1.0,2.0,3.0,1.0
0.0,90.0,6505.0,1388.0,0,1.0,0.0,1.0,3300000,90.0,0.0,1.0,1.0,1.0,3.0,1.0
2.0,62.0,1932.0,1151.0,1,0.0,1.0,0.0,645000,9102.0,1.0,0.0,1.0,0.0,3.0,1.0
0.0,260.0,1932.0,1151.0,1,0.0,2.0,1.0,1850000,990.0,0.0,0.0,0.0,1.0,3.0,1.0
0.0,270.0,1932.0,1151.0,1,0.0,0.0,1.0,3100000,1.0,0.0,0.0,0.0,6.0,3.0,1.0
0.0,282.0,1932.0,1151.0,1,0.0,0.0,0.0,1350000,992.0,0.0,0.0,0.0,0.0,3.0,1.0
1.0,135.0,1600.0,900.0,1,1.0,1.0,0.0,1095000,9102.0,1.0,0.0,1.0,0.0,3.0,2.5
0.0,407.0,1000.0,1151.0,1,1.0,2.0,1.0,1599000,9102.0,0.0,0.0,0.0,0.0,3.0,1.0
2.0,121.0,1600.0,1151.0,1,1.0,1.0,1.0,990000,9102.0,1.0,0.0,0.0,2.0,3.0,1.0
0.0,282.0,1932.0,920.0,1,0.0,2.0,0.0,1850000,2.0,2.0,0.0,1.0,6.0,3.0,1.0
0.0,500.0,1575.0,3500.0,1,0.0,4.0,1.0,4300000,1.0,1.0,0.0,1.0,2.0,3.0,1.0
0.0,282.0,1932.0,1462.0,0,0.0,2.0,0.0,2695000,9102.0,1.0,1.0,1.0,0.0,3.0,1.0
0.0,250.0,1932.0,1151.0,1,0.0,0.0,0.0,890000,9102.0,1.0,0.0,0.0,0.0,3.0,1.0
0.0,1100.0,1932.0,1151.0,0,0.0,3.0,0.0,4300000,9102.0,1.0,1.0,1.0,3.0,3.0,1.0
0.0,282.0,1932.0,1151.0,1,1.0,0.0,0.0,1095000,1.0,0.0,0.0,1.0,0.0,3.0,1.0
1.0,75.0,2100.0,1500.0,1,1.0,0.0,0.0,1850000,9102.0,0.0,0.0,0.0,0.0,3.0,1.0
0.0,282.0,1932.0,1151.0,1,0.0,0.0,1.0,3100000,939.0,3.0,0.0,0.0,1.0,3.0,1.0
1.0,97.0,1800.0,300.0,1,0.0,1.0,0.0,1095000,9102.0,0.0,0.0,0.0,0.0,3.0,1.0
0.0,282.0,1932.0,600.0,1,0.0,1.0,0.0,890000,238.0,0.0,0.0,0.0,0.0,3.0,1.0
0.0,282.0,2000.0,423.0,0,0.0,0.0,0.0,1350000,132.0,0.0,0.0,0.0,0.0,3.0,1.0
1.0,52.0,1570.0,1900.0,0,0.0,0.0,0.0,2390000,9102.0,1.0,0.0,1.0,0.0,3.0,1.0
0.0,184.0,525.0,670.0,1,1.0,2.0,1.0,1850000,500.0,0.0,0.0,1.0,2.0,3.0,1.0
2.0,90.0,1340.0,406.0,0,0.0,1.0,0.0,890000,9102.0,1.0,0.0,0.0,0.0,3.0,1.0
0.0,300.0,1932.0,960.0,1,0.0,2.0,1.0,2950000,517.0,1.0,1.0,0.0,0.0,3.0,1.0
1.0,240.0,5689.0,1889.0,0,0.0,2.0,0.0,3600000,9102.0,1.0,0.0,1.0,2.0,3.0,1.0
0.0,334.0,1932.0,1151.0,1,0.0,2.0,0.0,3600000,400.0,0.0,0.0,0.0,0.0,3.0,1.0
0.0,282.0,1932.0,1151.0,1,1.0,1.0,1.0,4600000,1.0,0.0,0.0,1.0,1.0,3.0,1.0
0.0,450.0,3580.0,1300.0,1,0.0,2.0,0.0,6500000,525.0,0.0,1.0,0.0,4.0,3.0,1.0
0.0,282.0,1932.0,1450.0,1,2.0,4.0,1.0,1850000,1.0,1.0,1.0,1.0,4.0,3.0,1.0
2.0,282.0,1932.0,1151.0,1,1.0,2.0,0.0,1850000,9102.0,0.0,0.0,1.0,0.0,3.0,1.0
0.0,282.0,1932.0,1151.0,1,0.0,2.0,0.0,1350000,9102.0,0.0,0.0,1.0,2.0,3.0,1.0
1.0,77.0,1599.0,288.0,1,1.0,1.0,0.0,1095000,9102.0,0.0,0.0,0.0,1.0,3.0,1.0
0.0,282.0,1932.0,570.0,1,0.0,2.0,1.0,890000,830.0,0.0,0.0,1.0,0.0,3.0,1.0
0.0,1685.0,1932.0,2083.0,1,0.0,0.0,1.0,2950000,1.0,0.0,0.0,0.0,0.0,3.0,1.0
2.0,71.0,1200.0,400.0,1,0.0,1.0,0.0,900000,9102.0,1.0,1.0,1.0,1.0,3.0,1.0
0.0,216.0,350.0,1400.0,1,0.0,1.0,0.0,3650000,629.0,1.0,0.0,0.0,0.0,3.0,1.0
0.0,526.0,2800.0,3500.0,1,1.0,2.0,1.0,4600000,870.0,0.0,1.0,1.0,0.0,3.0,1.0
2.0,81.0,3766.0,793.0,0,0.0,1.0,0.0,2990000,9102.0,0.0,0.0,0.0,0.0,3.0,1.0
0.0,282.0,1932.0,890.0,1,1.0,1.0,0.0,890000,300.0,0.0,0.0,0.0,0.0,3.0,1.0
2.0,104.0,1945.0,1000.0,1,0.0,0.0,1.0,1599000,9102.0,1.0,0.0,0.0,1.0,3.0,1.0
0.0,968.0,1932.0,1151.0,1,0.0,1.0,0.0,900000,968.0,1.0,0.0,0.0,0.0,3.0,1.0
2.0,135.0,1700.0,900.0,1,0.0,2.0,1.0,1350000,9102.0,0.0,1.0,0.0,1.0,3.0,1.0
2.0,282.0,1400.0,550.0,0,0.0,0.0,0.0,890000,74.0,1.0,0.0,1.0,2.0,3.0,1.0
0.0,282.0,1932.0,900.0,1,0.0,2.0,1.0,1850000,4.0,0.0,1.0,1.0,0.0,3.0,1.0
0.0,334.0,1.0,1121.0,1,0.0,2.0,1.0,2950000,1.0,1.0,1.0,1.0,2.0,3.0,1.0
1.0,107.0,1700.0,500.0,1,0.0,1.0,0.0,1850000,9102.0,0.0,0.0,0.0,1.0,3.0,1.0
0.0,352.0,1075.0,800.0,1,0.0,2.0,1.0,3495000,523.0,0.0,0.0,1.0,0.0,3.0,1.0
2.0,282.0,3553.0,990.0,1,1.0,2.0,1.0,2950000,9102.0,0.0,0.0,1.0,1.0,3.0,1.0
1.0,79.0,3858.0,453.0,0,0.0,0.0,0.0,1095000,79.0,1.0,0.0,0.0,1.0,3.0,1.0
0.0,282.0,800.0,1700.0,1,0.0,3.0,1.0,2999000,950.0,1.0,0.0,1.0,1.0,3.0,1.0
0.0,282.0,1932.0,1151.0,1,1.0,2.0,1.0,3600000,4.0,0.0,1.0,1.0,2.0,3.0,1.0
0.0,282.0,1932.0,1151.0,1,0.0,0.0,0.0,3300000,500.0,1.0,0.0,1.0,0.0,3.0,1.0
0.0,282.0,1932.0,1400.0,1,0.0,2.0,1.0,2190000,1.0,1.0,1.0,1.0,0.0,3.0,1.0
0.0,282.0,1932.0,1151.0,1,0.0,1.0,0.0,860000,9102.0,0.0,0.0,0.0,0.0,3.0,1.0
0.0,205.0,1932.0,800.0,1,0.0,2.0,1.0,1350000,798.0,1.0,0.0,1.0,0.0,3.0,1.0
2.0,62.0,1099.0,1012.0,1,0.0,2.0,1.0,860000,9102.0,0.0,0.0,0.0,0.0,3.0,1.0
1.0,99.0,3400.0,730.0,1,1.0,0.0,0.0,1095000,9102.0,1.0,1.0,1.0,2.0,3.0,1.0
1.0,282.0,1715.0,669.0,1,0.0,0.0,0.0,1095000,9102.0,0.0,0.0,0.0,1.0,3.0,1.0
1.0,113.0,1580.0,750.0,0,0.0,1.0,1.0,860000,7.0,0.0,0.0,0.0,1.0,3.0,1.0
1.0,165.0,3148.0,1169.0,1,1.0,1.0,0.0,1850000,9102.0,0.0,0.0,0.0,0.0,3.0,1.0
1.0,90.0,1254.0,600.0,0,1.0,0.0,0.0,990000,16.0,0.0,1.0,0.0,1.0,3.0,1.0
2.0,217.0,1932.0,800.0,1,1.0,2.0,0.0,2390000,456.0,1.0,0.0,1.0,0.0,3.0,1.0
1.0,75.0,1758.0,660.0,1,1.0,1.0,1.0,860000,9102.0,0.0,1.0,1.0,1.0,3.0,1.0
2.0,182.0,5900.0,839.0,1,1.0,1.0,0.0,2190000,350.0,0.0,1.0,0.0,1.0,3.0,1.0
1.0,47.0,1000.0,800.0,1,0.0,0.0,0.0,1350000,9102.0,0.0,0.0,0.0,0.0,3.0,1.0
0.0,282.0,1932.0,450.0,1,1.0,0.0,1.0,860000,991.0,0.0,0.0,0.0,2.0,3.0,1.0
1.0,74.0,681.0,2400.0,1,0.0,0.0,1.0,990000,74.0,1.0,1.0,1.0,2.0,3.0,1.0
1.0,158.0,1200.0,780.0,1,0.0,1.0,0.0,1850000,9102.0,1.0,0.0,0.0,0.0,3.0,1.0
0.0,282.0,2000.0,2562.0,1,2.0,0.0,1.0,4300000,9102.0,1.0,1.0,1.0,9.0,3.0,1.0
0.0,250.0,1932.0,1140.0,1,0.0,2.0,1.0,1850000,1.0,0.0,0.0,0.0,0.0,3.0,1.0
0.0,282.0,1932.0,800.0,1,0.0,0.0,1.0,3300000,333.0,0.0,1.0,0.0,4.0,3.0,1.0
0.0,282.0,1932.0,244.0,1,0.0,0.0,1.0,900000,9102.0,0.0,0.0,0.0,3.0,3.0,1.0
2.0,282.0,2400.0,300.0,1,0.0,1.0,0.0,860000,9102.0,1.0,0.0,0.0,0.0,3.0,1.0
1.0,88.0,1105.0,839.0,1,0.0,0.0,0.0,1095000,4.0,0.0,0.0,0.0,0.0,3.0,1.0
0.0,432.0,1100.0,1400.0,0,0.0,2.0,0.0,3650000,1.0,0.0,0.0,1.0,0.0,3.0,1.0
1.0,90.0,3125.0,1300.0,1,0.0,0.0,1.0,1850000,9102.0,0.0,0.0,0.0,0.0,3.0,1.0
2.0,126.0,1932.0,1151.0,1,0.0,1.0,0.0,990000,8.0,1.0,0.0,1.0,0.0,3.0,1.0
0.0,282.0,695.0,482.0,1,1.0,2.0,1.0,1350000,467.0,0.0,0.0,1.0,1.0,3.0,1.0
0.0,282.0,1932.0,1700.0,1,0.0,0.0,0.0,2999000,546.0,1.0,0.0,1.0,1.0,3.0,1.0
1.0,102.0,3785.0,601.0,0,0.0,0.0,0.0,1095000,9102.0,1.0,0.0,1.0,0.0,3.0,1.0
0.0,275.0,1932.0,773.0,1,1.0,2.0,1.0,3100000,1.0,0.0,1.0,1.0,2.0,3.0,1.0
0.0,106.0,1932.0,250.0,1,1.0,2.0,1.0,900000,991.0,0.0,0.0,1.0,1.0,3.0,1.0
2.0,103.0,910.0,184.0,1,0.0,1.0,0.0,890000,103.0,0.0,0.0,0.0,0.0,3.0,1.0
2.0,79.0,990.0,615.0,1,0.0,0.0,0.0,900000,9102.0,1.0,0.0,1.0,2.0,3.0,1.0
0.0,282.0,1932.0,1151.0,0,0.0,2.0,1.0,4300000,3.0,1.0,0.0,1.0,4.0,3.0,1.0
2.0,95.0,1932.0,1151.0,0,0.0,0.0,0.0,1350000,9102.0,1.0,0.0,1.0,0.0,3.0,1.0
1.0,106.0,3543.0,1567.0,0,0.0,1.0,1.0,2950000,122.0,0.0,0.0,0.0,1.0,3.0,1.0
2.0,282.0,1932.0,1151.0,0,0.0,1.0,0.0,2340000,9102.0,1.0,0.0,1.0,0.0,3.0,1.0
1.0,66.0,2382.0,619.0,1,1.0,0.0,0.0,1850000,9102.0,0.0,0.0,0.0,1.0,3.0,1.0
1.0,32.0,1100.0,200.0,0,0.0,0.0,0.0,860000,9102.0,1.0,0.0,0.0,0.0,3.0,1.0
1.0,282.0,1600.0,250.0,1,0.0,0.0,0.0,860000,9102.0,0.0,0.0,0.0,1.0,3.0,1.0
0.0,282.0,2400.0,2800.0,1,0.0,2.0,1.0,3600000,1.0,1.0,0.0,1.0,0.0,3.0,1.0
1.0,155.0,1932.0,1151.0,1,1.0,2.0,1.0,900000,9102.0,0.0,0.0,0.0,0.0,3.0,1.0
1.0,231.0,2450.0,1500.0,1,1.0,2.0,0.0,3600000,4.0,0.0,0.0,0.0,0.0,3.0,1.0
0.0,132.0,1932.0,1400.0,1,1.0,2.0,1.0,1350000,9102.0,0.0,0.0,0.0,2.0,3.0,1.0
0.0,282.0,1932.0,622.0,0,0.0,0.0,0.0,900000,470.0,0.0,0.0,0.0,0.0,3.0,1.0
0.0,282.0,1575.0,4000.0,1,0.0,3.0,1.0,6500000,9102.0,0.0,0.0,1.0,1.0,3.0,1.0
0.0,350.0,1932.0,1151.0,1,0.0,2.0,1.0,3600000,3.0,0.0,1.0,1.0,0.0,3.0,1.0
0.0,282.0,1932.0,1151.0,1,0.0,4.0,0.0,1350000,870.0,0.0,0.0,0.0,2.0,3.0,1.0
1.0,43.0,1414.0,400.0,1,0.0,0.0,0.0,1095000,9102.0,0.0,1.0,0.0,1.0,3.0,1.0
0.0,282.0,1932.0,1151.0,0,0.0,0.0,0.0,1350000,922.0,1.0,0.0,0.0,0.0,3.0,1.0
0.0,282.0,1932.0,2003.0,1,0.0,0.0,1.0,6500000,7.0,0.0,1.0,0.0,1.0,3.0,1.0
0.0,282.0,1932.0,1151.0,1,0.0,2.0,0.0,900000,1.0,1.0,0.0,1.0,0.0,3.0,1.0
0.0,282.0,2460.0,1995.0,1,1.0,3.0,1.0,4600000,503.0,0.0,1.0,1.0,0.0,3.0,1.0
0.0,282.0,1932.0,1151.0,1,0.0,2.0,0.0,6500000,600.0,0.0,0.0,0.0,0.0,3.0,1.0
0.0,282.0,1932.0,3344.0,1,0.0,0.0,0.0,3300000,1.0,1.0,0.0,1.0,0.0,3.0,1.0
1.0,112.0,2292.0,314.0,1,1.0,0.0,0.0,1350000,2.0,0.0,0.0,1.0,1.0,3.0,1.0
0.0,282.0,1932.0,1151.0,1,0.0,3.0,0.0,1350000,1.0,0.0,1.0,0.0,0.0,3.0,1.0
1.0,90.0,2700.0,1151.0,0,1.0,0.0,0.0,2999000,9102.0,0.0,1.0,1.0,0.0,3.0,1.0
2.0,282.0,1932.0,1151.0,1,0.0,0.0,0.0,1350000,472.0,1.0,0.0,0.0,0.0,3.0,1.0
1.0,124.0,2000.0,750.0,1,1.0,0.0,1.0,2950000,9102.0,0.0,0.0,1.0,1.0,3.0,1.0
1.0,74.0,2450.0,640.0,1,1.0,0.0,0.0,2695000,9102.0,0.0,0.0,0.0,0.0,3.0,1.0
1.0,137.0,1932.0,960.0,1,0.0,1.0,0.0,1350000,9102.0,1.0,0.0,0.0,0.0,3.0,1.0
0.0,146.0,1932.0,1151.0,1,0.0,1.0,0.0,1350000,702.0,1.0,0.0,0.0,2.0,3.0,1.0
0.0,100.0,1932.0,1151.0,1,0.0,0.0,0.0,860000,400.0,1.0,0.0,0.0,0.0,3.0,1.0
0.0,350.0,2900.0,2500.0,1,0.0,3.0,0.0,3495000,10.0,0.0,1.0,0.0,2.0,3.0,1.0
0.0,272.0,2100.0,1700.0,1,0.0,2.0,1.0,3300000,346.0,0.0,1.0,1.0,0.0,3.0,1.0
1.0,101.0,2551.0,1151.0,0,0.0,0.0,1.0,1350000,9102.0,1.0,0.0,1.0,2.0,3.0,1.0
0.0,282.0,1932.0,1151.0,1,1.0,1.0,1.0,1850000,9102.0,0.0,1.0,1.0,0.0,3.0,1.0
0.0,294.0,1932.0,1900.0,1,0.0,0.0,0.0,3600000,1.0,0.0,0.0,0.0,0.0,3.0,1.0
0.0,650.0,1932.0,900.0,0,0.0,0.0,0.0,6500000,495.0,1.0,0.0,0.0,0.0,3.0,1.0
2.0,96.0,1200.0,450.0,1,1.0,1.0,1.0,900000,34.0,1.0,0.0,0.0,0.0,3.0,1.0
0.0,282.0,1932.0,2500.0,1,1.0,2.0,1.0,4600000,1.0,0.0,1.0,1.0,1.0,3.0,1.0
0.0,282.0,1500.0,1500.0,1,1.0,2.0,0.0,2990000,456.0,0.0,0.0,1.0,0.0,3.0,1.0
0.0,160.0,1000.0,1151.0,1,0.0,0.0,0.0,1350000,323.0,1.0,0.0,1.0,0.0,3.0,1.0
0.0,520.0,1932.0,2858.0,1,0.0,3.0,1.0,6500000,4.0,1.0,1.0,1.0,0.0,3.0,1.0
0.0,282.0,1932.0,1151.0,1,0.0,0.0,0.0,1850000,9102.0,0.0,0.0,0.0,0.0,3.0,1.0
1.0,41.0,2200.0,800.0,1,0.0,0.0,0.0,1850000,9102.0,1.0,0.0,0.0,0.0,3.0,1.0
1.0,152.0,12800.0,3300.0,1,0.0,0.0,0.0,4300000,9102.0,0.0,1.0,1.0,2.0,3.0,1.0
0.0,282.0,1932.0,1151.0,1,0.0,6.0,0.0,2990000,11.0,0.0,1.0,0.0,0.0,3.0,1.0
1.0,75.0,1921.0,660.0,1,1.0,1.0,0.0,1095000,75.0,1.0,1.0,1.0,0.0,3.0,1.0
1.0,111.0,2441.0,540.0,1,0.0,0.0,0.0,1599000,9102.0,1.0,0.0,0.0,1.0,3.0,1.0
0.0,282.0,1932.0,880.0,1,1.0,1.0,1.0,1350000,460.0,0.0,0.0,1.0,1.0,3.0,1.0
0.0,260.0,3312.0,1667.0,1,1.0,2.0,1.0,2390000,9102.0,0.0,1.0,1.0,0.0,3.0,1.0
0.0,90.0,6446.0,1388.0,1,1.0,0.0,1.0,3300000,9102.0,0.0,1.0,0.0,1.0,3.0,1.0
1.0,60.0,625.0,1151.0,1,0.0,0.0,0.0,990000,9102.0,0.0,0.0,0.0,2.0,3.0,1.0
0.0,380.0,1932.0,1206.0,1,0.0,0.0,0.0,2695000,900.0,0.0,0.0,0.0,0.0,3.0,1.0
1.0,50.0,1800.0,860.0,0,0.0,1.0,0.0,1850000,9102.0,0.0,0.0,1.0,0.0,3.0,1.0
0.0,282.0,1932.0,1151.0,1,0.0,1.0,0.0,900000,378.0,1.0,0.0,0.0,0.0,3.0,1.0
0.0,282.0,1932.0,900.0,1,1.0,2.0,0.0,1350000,1.0,0.0,0.0,0.0,0.0,3.0,1.0
0.0,282.0,1932.0,1151.0,1,0.0,3.0,1.0,2340000,1.0,0.0,0.0,1.0,0.0,3.0,1.0
0.0,282.0,1932.0,438.0,1,1.0,1.0,1.0,1350000,247.0,1.0,0.0,0.0,0.0,3.0,1.0
1.0,50.0,1932.0,1151.0,1,1.0,0.0,0.0,1850000,9102.0,0.0,0.0,0.0,1.0,3.0,0.5
0.0,345.0,1600.0,2000.0,1,1.0,2.0,1.0,2999000,570.0,0.0,0.0,1.0,1.0,3.0,1.0
2.0,110.0,1950.0,990.0,1,0.0,0.0,0.0,1599000,9102.0,0.0,0.0,0.0,0.0,3.0,1.0
0.0,282.0,1932.0,867.0,1,1.0,2.0,1.0,1850000,1.0,0.0,1.0,1.0,5.0,3.0,1.0
0.0,243.0,1932.0,1151.0,1,0.0,2.0,1.0,1850000,9102.0,0.0,0.0,0.0,0.0,3.0,1.0
0.0,282.0,350.0,1641.0,1,0.0,2.0,0.0,2999000,543.0,1.0,0.0,1.0,0.0,3.0,1.0
0.0,282.0,1932.0,1000.0,1,0.0,0.0,0.0,1850000,9102.0,2.0,0.0,0.0,0.0,3.0,1.0
1.0,54.0,1932.0,1151.0,1,1.0,0.0,1.0,890000,9102.0,0.0,1.0,0.0,0.0,3.0,1.0
1.0,70.0,2000.0,400.0,0,0.0,0.0,0.0,860000,70.0,0.0,0.0,0.0,1.0,3.0,1.0
2.0,95.0,2550.0,640.0,1,0.0,0.0,0.0,990000,95.0,0.0,0.0,0.0,0.0,3.0,1.0
2.0,282.0,1932.0,1151.0,1,1.0,2.0,1.0,3300000,9102.0,0.0,1.0,1.0,0.0,3.0,1.0
0.0,282.0,1932.0,1151.0,1,1.0,0.0,0.0,860000,9102.0,1.0,0.0,0.0,0.0,3.0,1.0
0.0,175.0,1932.0,1151.0,1,0.0,2.0,0.0,1850000,900.0,1.0,0.0,1.0,0.0,3.0,1.0
0.0,282.0,1932.0,1151.0,1,0.0,1.0,1.0,890000,593.0,1.0,0.0,0.0,0.0,3.0,1.0
1.0,239.0,4129.0,1151.0,1,0.0,0.0,1.0,2950000,9102.0,0.0,0.0,1.0,2.0,3.0,1.0
0.0,282.0,1932.0,500.0,1,0.0,1.0,1.0,1350000,800.0,1.0,1.0,1.0,1.0,3.0,1.0
0.0,715.0,1932.0,2650.0,1,1.0,0.0,0.0,6500000,2.0,0.0,0.0,1.0,0.0,3.0,1.0
0.0,97.0,1932.0,500.0,0,0.0,2.0,1.0,900000,1.0,0.0,0.0,1.0,2.0,3.0,1.0
0.0,282.0,1932.0,1151.0,1,0.0,1.0,0.0,1350000,978.0,0.0,1.0,1.0,2.0,3.0,1.0
0.0,282.0,550.0,1956.0,1,0.0,2.0,1.0,3100000,768.0,1.0,0.0,1.0,1.0,3.0,1.0
1.0,282.0,1100.0,1151.0,1,0.0,0.0,0.0,1095000,9102.0,0.0,0.0,0.0,0.0,3.0,1.0
1.0,92.0,1900.0,180.0,0,0.0,1.0,0.0,890000,9102.0,1.0,0.0,1.0,1.0,3.0,1.0
0.0,282.0,1932.0,1151.0,1,0.0,0.0,0.0,645000,9102.0,0.0,0.0,0.0,0.0,3.0,1.0
0.0,200.0,1932.0,980.0,1,0.0,0.0,0.0,2340000,570.0,1.0,0.0,1.0,0.0,3.0,1.0
1.0,92.0,1240.0,432.0,1,1.0,0.0,0.0,1350000,9102.0,1.0,0.0,1.0,0.0,3.0,1.0
0.0,282.0,1932.0,1151.0,1,0.0,0.0,0.0,1850000,2.0,0.0,0.0,0.0,0.0,3.0,1.0
0.0,445.0,2250.0,1600.0,1,0.0,2.0,1.0,4300000,1.0,0.0,0.0,1.0,0.0,3.0,1.0
0.0,282.0,1932.0,674.0,1,1.0,2.0,1.0,2390000,745.0,0.0,1.0,1.0,1.0,3.0,1.0
2.0,100.0,795.0,700.0,1,1.0,0.0,0.0,890000,234.0,0.0,0.0,0.0,1.0,3.0,1.0
1.0,130.0,3125.0,1151.0,1,0.0,0.0,0.0,900000,9102.0,1.0,0.0,0.0,0.0,3.0,1.0
1.0,282.0,1932.0,1151.0,1,1.0,0.0,0.0,900000,9102.0,0.0,0.0,0.0,1.0,3.0,1.0
1.0,194.0,2600.0,1668.0,1,1.0,2.0,1.0,2580000,9102.0,1.0,0.0,1.0,0.0,3.0,1.0
1.0,129.0,4800.0,3000.0,1,1.0,0.0,0.0,6500000,129.0,0.0,1.0,0.0,2.0,3.0,1.0
0.0,282.0,1932.0,1151.0,1,0.0,0.0,0.0,900000,9102.0,1.0,0.0,0.0,0.0,3.0,1.0
0.0,282.0,1932.0,1100.0,1,0.0,2.0,1.0,6500000,600.0,0.0,0.0,1.0,3.0,3.0,1.0
0.0,282.0,1932.0,250.0,1,1.0,0.0,0.0,1350000,556.0,0.0,0.0,1.0,5.0,3.0,1.0
2.0,282.0,1800.0,1151.0,1,1.0,2.0,1.0,1350000,9102.0,0.0,1.0,1.0,1.0,3.0,1.0
1.0,85.0,2218.0,734.0,0,0.0,0.0,0.0,860000,85.0,0.0,0.0,0.0,1.0,3.0,1.0
0.0,407.0,1801.0,2950.0,0,0.0,0.0,0.0,4300000,2.0,1.0,0.0,0.0,0.0,3.0,1.0
2.0,66.0,1264.0,289.0,1,0.0,0.0,0.0,645000,9102.0,0.0,0.0,0.0,0.0,3.0,1.0
1.0,134.0,3647.0,3015.0,0,0.0,0.0,0.0,4600000,3.0,0.0,1.0,0.0,2.0,3.0,1.0
1.0,95.0,3100.0,1565.0,0,0.0,0.0,0.0,1599000,9102.0,1.0,0.0,1.0,0.0,3.0,1.0
1.0,85.0,2900.0,864.0,1,0.0,0.0,0.0,1350000,9102.0,0.0,1.0,1.0,1.0,3.0,1.0
0.0,282.0,1932.0,1151.0,1,1.0,0.0,0.0,890000,347.0,0.0,0.0,1.0,4.0,3.0,1.0
0.0,234.0,1932.0,2500.0,1,0.0,3.0,0.0,6500000,585.0,0.0,0.0,0.0,0.0,3.0,1.0
0.0,900.0,1932.0,1151.0,1,0.0,2.0,1.0,6500000,1.0,1.0,0.0,1.0,0.0,3.0,1.0
0.0,282.0,1932.0,265.0,1,0.0,1.0,0.0,1350000,309.0,0.0,0.0,0.0,0.0,3.0,1.0
0.0,1423.0,1932.0,1750.0,1,0.0,2.0,1.0,2950000,1.0,0.0,0.0,0.0,4.0,3.0,1.0
0.0,282.0,1932.0,2799.0,1,0.0,2.0,0.0,3495000,1.0,1.0,1.0,0.0,1.0,3.0,1.0
2.0,54.0,1600.0,340.0,0,0.0,0.0,0.0,1350000,9102.0,1.0,0.0,1.0,1.0,3.0,1.0
1.0,91.0,3530.0,590.0,0,1.0,1.0,1.0,2390000,471.32,0.0,1.0,1.0,1.0,3.0,1.0
0.0,282.0,1932.0,1151.0,1,1.0,1.0,1.0,890000,313.0,0.0,0.0,1.0,1.0,3.0,1.0
0.0,282.0,2030.0,2448.0,1,0.0,2.0,1.0,2950000,547.0,0.0,0.0,1.0,1.0,3.0,1.0
1.0,282.0,1932.0,500.0,1,0.0,4.0,0.0,3100000,9102.0,7.0,0.0,0.0,5.0,3.0,1.0
0.0,282.0,1932.0,1151.0,1,0.0,1.0,0.0,1350000,9102.0,0.0,0.0,0.0,0.0,3.0,1.0
0.0,282.0,1932.0,1400.0,1,0.0,1.0,0.0,3100000,694.0,1.0,0.0,1.0,1.0,3.0,1.0
0.0,304.0,1910.0,3000.0,1,1.0,2.0,1.0,4300000,1.0,0.0,1.0,1.0,0.0,3.0,1.0
1.0,109.0,540.0,1050.0,1,0.0,1.0,1.0,990000,9102.0,0.0,0.0,1.0,0.0,3.0,1.0
0.0,282.0,938.0,1100.0,0,0.0,0.0,0.0,3495000,749.0,1.0,0.0,0.0,0.0,3.0,1.0
2.0,74.0,450.0,2000.0,1,0.0,0.0,1.0,890000,9102.0,1.0,1.0,0.0,0.0,3.0,1.0
1.0,175.0,950.0,1151.0,0,0.0,2.0,1.0,1350000,9102.0,1.0,0.0,0.0,1.0,3.0,1.0
1.0,202.0,2401.0,745.0,0,0.0,2.0,1.0,1350000,102.0,1.0,0.0,1.0,0.0,3.0,1.0
0.0,282.0,1932.0,1151.0,1,1.0,0.0,0.0,1095000,810.0,0.0,0.0,1.0,1.0,3.0,1.0
2.0,282.0,1400.0,470.0,1,1.0,1.0,1.0,900000,9102.0,0.0,0.0,1.0,1.0,3.0,1.0
0.0,282.0,1932.0,1151.0,1,1.0,1.0,0.0,4300000,19500.0,0.0,0.0,1.0,0.0,3.0,1.0
1.0,52.0,1550.0,398.0,0,1.0,0.0,1.0,1095000,9102.0,0.0,0.0,1.0,1.0,3.0,1.0
0.0,240.0,1932.0,855.0,1,0.0,0.0,1.0,6500000,936.0,0.0,0.0,0.0,8.0,3.0,1.0
1.0,88.0,1932.0,1151.0,0,0.0,0.0,0.0,1850000,9102.0,1.0,0.0,1.0,2.0,3.0,1.0
1.0,160.0,1935.0,600.0,1,0.0,1.0,1.0,890000,20.0,0.0,0.0,0.0,1.0,3.0,1.0
0.0,282.0,1932.0,540.0,1,1.0,1.0,1.0,2950000,820.0,0.0,1.0,1.0,1.0,3.0,1.0
0.0,451.0,1932.0,1151.0,1,0.0,0.0,0.0,900000,453.0,0.0,0.0,0.0,0.0,3.0,1.0
1.0,64.0,1611.0,350.0,1,0.0,0.0,0.0,900000,9102.0,1.0,1.0,0.0,2.0,3.0,1.0
2.0,241.0,1800.0,1151.0,1,0.0,2.0,0.0,2580000,9102.0,1.0,0.0,1.0,1.0,3.0,1.0
1.0,90.0,2117.0,819.0,0,0.0,0.0,0.0,990000,1.0,0.0,0.0,0.0,0.0,3.0,1.0
1.0,69.0,1932.0,1151.0,1,0.0,0.0,0.0,1350000,9102.0,1.0,1.0,0.0,0.0,3.0,1.0
1.0,100.0,2250.0,1600.0,1,0.0,0.0,0.0,1599000,9102.0,1.0,1.0,1.0,1.0,3.0,1.0
0.0,282.0,1932.0,1151.0,1,1.0,2.0,1.0,990000,9102.0,1.0,0.0,1.0,0.0,3.0,1.0
2.0,282.0,1932.0,1151.0,1,1.0,2.0,0.0,860000,9102.0,0.0,0.0,1.0,0.0,3.0,1.0
0.0,282.0,1932.0,1443.0,1,0.0,4.0,1.0,2990000,1.0,1.0,0.0,0.0,0.0,3.0,1.0
1.0,53.0,1187.0,1151.0,1,0.0,0.0,0.0,900000,9102.0,0.0,0.0,0.0,0.0,3.0,1.0
0.0,282.0,1932.0,401.0,1,0.0,2.0,1.0,890000,315.0,1.0,0.0,1.0,1.0,3.0,1.0
0.0,282.0,1932.0,1151.0,1,1.0,2.0,0.0,1350000,2.0,0.0,0.0,1.0,0.0,3.0,1.0
0.0,282.0,1932.0,1151.0,1,1.0,1.0,1.0,900000,9102.0,0.0,0.0,0.0,3.0,3.0,1.0
0.0,93.0,1500.0,1200.0,1,0.0,0.0,0.0,3300000,9102.0,1.0,0.0,1.0,2.0,3.0,1.0
1.0,137.0,2386.0,1500.0,0,1.0,1.0,1.0,1850000,2.0,0.0,1.0,1.0,1.0,3.0,1.0
0.0,282.0,1932.0,1151.0,1,0.0,0.0,0.0,1350000,450.0,1.0,0.0,0.0,0.0,3.0,1.0
0.0,282.0,1932.0,1539.0,1,1.0,2.0,1.0,3100000,475.0,0.0,0.0,0.0,0.0,3.0,1.0
0.0,17.0,200.0,800.0,1,0.0,2.0,1.0,2695000,369.0,1.0,0.0,0.0,2.0,3.0,1.0
0.0,282.0,1932.0,969.0,1,1.0,2.0,0.0,3100000,903.0,0.0,1.0,1.0,2.0,3.0,1.0
1.0,82.0,1116.0,552.0,0,0.0,1.0,0.0,1350000,9102.0,1.0,0.0,1.0,1.0,3.0,1.0
2.0,169.0,1932.0,1252.0,1,1.0,2.0,1.0,1350000,7.0,0.0,0.0,1.0,1.0,3.0,1.0
0.0,282.0,1932.0,960.0,1,1.0,2.0,1.0,3300000,778.0,0.0,0.0,1.0,2.0,3.0,1.0
2.0,282.0,3600.0,1151.0,1,0.0,1.0,1.0,1850000,9102.0,1.0,1.0,1.0,0.0,3.0,1.0
1.0,80.0,3300.0,900.0,1,0.0,0.0,0.0,1350000,9102.0,1.0,0.0,0.0,1.0,3.0,1.0
1.0,65.0,902.0,750.0,1,1.0,0.0,0.0,890000,1.0,1.0,0.0,1.0,1.0,3.0,1.0
0.0,282.0,1932.0,1151.0,1,1.0,1.0,0.0,4600000,741.0,0.0,0.0,1.0,2.0,3.0,1.0
1.0,117.0,3152.0,1070.0,1,1.0,0.0,0.0,3650000,9102.0,0.0,0.0,0.0,0.0,3.0,1.0
2.0,119.0,1500.0,950.0,1,1.0,1.0,0.0,1350000,9102.0,0.0,0.0,1.0,2.0,3.0,1.0
0.0,282.0,220.0,607.0,1,0.0,0.0,1.0,1850000,1.0,0.0,0.0,1.0,3.0,3.0,1.0
0.0,267.0,2000.0,1920.0,1,0.0,2.0,1.0,2950000,500.0,2.0,1.0,1.0,0.0,3.0,1.0
1.0,282.0,1932.0,490.0,1,1.0,0.0,0.0,1350000,9102.0,0.0,0.0,0.0,0.0,3.0,1.0
0.0,282.0,1932.0,1151.0,1,1.0,2.0,1.0,990000,651.0,1.0,0.0,1.0,0.0,3.0,1.0
0.0,473.0,1474.0,3806.0,1,0.0,2.0,1.0,6500000,9102.0,1.0,0.0,1.0,0.0,3.0,1.0
0.0,230.0,1750.0,1800.0,1,1.0,0.0,0.0,3600000,5.0,0.0,1.0,0.0,1.0,3.0,1.0
0.0,200.0,500.0,400.0,1,0.0,2.0,0.0,1350000,550.0,1.0,0.0,1.0,0.0,3.0,1.0
0.0,158.0,860.0,1000.0,1,0.0,0.0,0.0,2695000,206.0,0.0,0.0,1.0,0.0,3.0,1.0
0.0,282.0,1932.0,1151.0,1,0.0,1.0,1.0,3300000,1.0,0.0,1.0,1.0,3.0,3.0,1.0
1.0,282.0,1932.0,1151.0,1,0.0,0.0,0.0,900000,68.0,1.0,0.0,0.0,1.0,3.0,1.0
0.0,282.0,2293.0,1460.0,1,1.0,2.0,1.0,3495000,23400.0,0.0,0.0,1.0,0.0,3.0,1.0
0.0,490.0,1932.0,1866.0,1,0.0,3.0,0.0,2950000,1.0,0.0,0.0,0.0,0.0,3.0,1.0
2.0,282.0,1932.0,1151.0,1,1.0,2.0,1.0,1350000,333.0,0.0,0.0,1.0,0.0,3.0,1.0
1.0,65.0,1335.0,584.0,1,1.0,0.0,0.0,890000,4.0,1.0,1.0,1.0,1.0,3.0,1.0
1.0,74.0,1668.0,500.0,1,1.0,0.0,0.0,900000,2.0,0.0,0.0,0.0,1.0,3.0,1.0
2.0,86.0,750.0,700.0,1,0.0,1.0,1.0,860000,200.0,0.0,0.0,0.0,1.0,3.0,1.0
0.0,282.0,1000.0,1500.0,1,0.0,2.0,0.0,1850000,1.0,1.0,0.0,0.0,4.0,3.0,1.0
1.0,282.0,1980.0,420.0,1,0.0,0.0,0.0,890000,9102.0,0.0,0.0,0.0,0.0,3.0,1.0
0.0,180.0,1932.0,560.0,1,0.0,1.0,0.0,990000,525.0,1.0,0.0,1.0,1.0,3.0,1.0
0.0,282.0,1932.0,1151.0,1,0.0,2.0,1.0,2990000,502.0,1.0,0.0,1.0,2.0,3.0,1.0
0.0,282.0,1932.0,1151.0,1,0.0,0.0,0.0,4300000,2.0,1.0,0.0,0.0,0.0,3.0,1.0
2.0,282.0,1932.0,1151.0,1,0.0,0.0,0.0,1350000,9102.0,1.0,0.0,0.0,1.0,3.0,1.0
0.0,282.0,1932.0,586.0,1,0.0,2.0,1.0,900000,616.0,1.0,0.0,0.0,0.0,3.0,1.0
1.0,177.0,1801.0,1000.0,0,0.0,1.0,0.0,2950000,500.0,1.0,0.0,0.0,0.0,3.0,1.0
0.0,282.0,1932.0,1151.0,1,0.0,0.0,0.0,900000,9102.0,0.0,0.0,0.0,0.0,3.0,1.0
0.0,282.0,1932.0,1200.0,1,1.0,0.0,0.0,990000,1.0,0.0,0.0,0.0,3.0,3.0,1.0
2.0,359.0,680.0,990.0,1,0.0,2.0,0.0,1850000,936.0,0.0,0.0,1.0,2.0,3.0,1.0
0.0,282.0,1000.0,1986.0,1,0.0,2.0,0.0,2950000,1.0,1.0,1.0,1.0,2.0,3.0,1.0
1.0,102.0,1833.0,730.0,1,1.0,1.0,0.0,1850000,9102.0,1.0,0.0,1.0,1.0,3.0,1.0
1.0,50.0,1523.0,1151.0,0,0.0,0.0,0.0,1350000,9102.0,1.0,0.0,0.0,1.0,3.0,1.0
2.0,104.0,1202.0,500.0,0,0.0,0.0,0.0,990000,9102.0,0.0,0.0,0.0,0.0,3.0,1.0
2.0,180.0,1800.0,580.0,1,0.0,2.0,0.0,990000,24.0,1.0,0.0,0.0,2.0,3.0,1.0
0.0,302.0,1775.0,1752.0,1,1.0,2.0,1.0,2950000,582.0,0.0,1.0,1.0,1.0,3.0,1.0
0.0,282.0,1932.0,422.0,1,1.0,0.0,1.0,860000,300.0,1.0,0.0,0.0,0.0,3.0,1.0
0.0,161.0,1932.0,1151.0,1,0.0,0.0,0.0,2695000,9102.0,1.0,0.0,1.0,0.0,3.0,1.0
0.0,778.0,1932.0,1151.0,1,4.0,3.0,1.0,3100000,778.0,1.0,1.0,1.0,7.0,3.0,1.0
1.0,57.0,370.0,880.0,1,0.0,0.0,0.0,645000,9102.0,0.0,0.0,0.0,0.0,3.0,1.0
1.0,135.0,1860.0,1540.0,0,0.0,0.0,0.0,1095000,9102.0,0.0,0.0,1.0,0.0,3.0,1.0
0.0,298.0,2000.0,2467.0,1,0.0,2.0,1.0,3600000,614.0,0.0,0.0,1.0,0.0,3.0,1.0
2.0,394.0,900.0,1151.0,0,0.0,0.0,0.0,4300000,9102.0,1.0,0.0,0.0,0.0,3.0,1.0
2.0,90.0,1861.0,1151.0,1,0.0,1.0,1.0,890000,9102.0,1.0,0.0,0.0,0.0,3.0,1.0
2.0,82.0,3000.0,460.0,1,0.0,0.0,0.0,1350000,9102.0,1.0,1.0,0.0,1.0,3.0,1.0
2.0,282.0,9750.0,1151.0,1,1.0,0.0,0.0,900000,9102.0,0.0,0.0,0.0,0.0,3.0,1.0
0.0,282.0,1932.0,1151.0,1,0.0,0.0,0.0,1350000,743.0,1.0,0.0,1.0,0.0,3.0,1.0
2.0,282.0,1932.0,1151.0,1,0.0,1.0,0.0,990000,134.0,0.0,0.0,0.0,0.0,3.0,1.0
0.0,162.0,1932.0,1151.0,1,1.0,3.0,1.0,1350000,162.0,0.0,0.0,1.0,1.0,3.0,1.0
1.0,101.0,3485.0,850.0,1,0.0,0.0,0.0,990000,9102.0,0.0,0.0,0.0,0.0,3.0,1.0
2.0,138.0,470.0,680.0,1,0.0,2.0,0.0,1599000,360.0,0.0,0.0,0.0,2.0,3.0,1.0
1.0,103.0,1970.0,533.0,1,1.0,1.0,1.0,1095000,9102.0,0.0,1.0,1.0,1.0,3.0,1.0
1.0,84.0,5248.0,1151.0,1,1.0,0.0,0.0,2580000,9102.0,0.0,0.0,0.0,1.0,3.0,1.0
1.0,126.0,2613.0,1451.0,1,0.0,0.0,1.0,1850000,9102.0,0.0,0.0,0.0,0.0,3.0,1.0
0.0,319.0,1932.0,1383.0,1,0.0,0.0,0.0,3300000,1.0,0.0,0.0,0.0,0.0,3.0,1.0
0.0,122.0,1932.0,1400.0,1,0.0,0.0,0.0,1350000,1.0,0.0,0.0,0.0,0.0,3.0,1.0
1.0,282.0,4230.0,1151.0,1,1.0,0.0,1.0,1095000,9102.0,0.0,0.0,0.0,1.0,3.0,1.0
1.0,91.0,1900.0,2200.0,1,0.0,0.0,0.0,3495000,9102.0,0.0,0.0,0.0,0.0,3.0,1.0
0.0,237.0,1932.0,1500.0,1,0.0,4.0,0.0,3650000,9102.0,1.0,1.0,0.0,0.0,3.0,1.0
0.0,282.0,1932.0,1279.0,1,0.0,2.0,0.0,6500000,1.0,1.0,0.0,1.0,1.0,3.0,1.0
0.0,282.0,1932.0,1151.0,1,0.0,0.0,0.0,990000,206.0,1.0,0.0,0.0,3.0,3.0,1.0
0.0,183.0,1750.0,250.0,1,1.0,2.0,1.0,2990000,300.0,0.0,0.0,1.0,0.0,3.0,1.0
2.0,200.0,2800.0,1200.0,1,0.0,2.0,0.0,2950000,9102.0,1.0,1.0,0.0,0.0,3.0,1.0
1.0,64.0,1125.0,517.0,1,1.0,0.0,0.0,1350000,9102.0,0.0,1.0,0.0,0.0,3.0,1.0
0.0,240.0,1932.0,1100.0,1,1.0,2.0,1.0,2695000,1.0,0.0,0.0,0.0,3.0,3.0,1.0
1.0,150.0,2902.0,1225.0,1,0.0,2.0,0.0,1850000,9102.0,0.0,1.0,0.0,0.0,3.0,1.0
1.0,53.0,882.0,995.0,1,0.0,0.0,1.0,860000,9102.0,1.0,0.0,0.0,1.0,3.0,1.0
2.0,104.0,1591.0,1289.0,1,0.0,1.0,0.0,1350000,9102.0,0.0,0.0,0.0,0.0,3.0,1.0
0.0,282.0,1932.0,1227.0,1,1.0,2.0,1.0,2340000,1.0,0.0,1.0,1.0,2.0,3.0,1.0
2.0,142.0,2108.0,1350.0,1,0.0,2.0,0.0,1350000,9102.0,0.0,0.0,0.0,0.0,3.0,1.0
1.0,84.0,1827.0,412.0,1,1.0,0.0,0.0,900000,9102.0,0.0,0.0,0.0,2.0,3.0,1.0
0.0,191.0,600.0,500.0,1,1.0,2.0,0.0,2580000,500.0,0.0,0.0,0.0,0.0,3.0,1.0
1.0,39.0,7180.0,438.0,0,0.0,0.0,0.0,1350000,9102.0,1.0,0.0,0.0,0.0,3.0,1.0
0.0,433.0,1932.0,1151.0,1,1.0,2.0,1.0,2950000,9102.0,0.0,0.0,0.0,0.0,3.0,1.0
0.0,137.0,2100.0,1175.0,1,1.0,1.0,0.0,1850000,4.0,0.0,0.0,0.0,0.0,3.0,1.0
1.0,59.0,990.0,300.0,0,0.0,1.0,0.0,1350000,9102.0,1.0,0.0,1.0,0.0,3.0,1.0
2.0,121.0,1450.0,738.0,0,0.0,0.0,0.0,1350000,9102.0,1.0,0.0,1.0,0.0,3.0,1.0
1.0,44.0,2400.0,1151.0,0,0.0,0.0,0.0,990000,9102.0,0.0,0.0,0.0,0.0,3.0,1.0
0.0,214.0,1932.0,813.0,1,1.0,2.0,1.0,1350000,1.0,0.0,0.0,2.0,0.0,3.0,1.0
1.0,24.0,1932.0,650.0,0,0.0,0.0,0.0,1350000,24.0,1.0,0.0,1.0,0.0,3.0,0.5
1.0,166.0,3000.0,2200.0,1,1.0,0.0,1.0,1850000,9102.0,1.0,1.0,1.0,2.0,3.0,1.0
1.0,129.0,2745.0,1608.0,0,0.0,1.0,0.0,2950000,8.0,1.0,0.0,1.0,0.0,3.0,1.0
1.0,98.0,2300.0,795.0,1,1.0,0.0,0.0,1850000,9102.0,0.0,0.0,0.0,0.0,3.0,1.0
0.0,282.0,1932.0,1400.0,1,0.0,3.0,1.0,2950000,892.0,1.0,1.0,1.0,0.0,3.0,1.0
0.0,282.0,1932.0,1151.0,1,0.0,1.0,0.0,2770000,435.0,1.0,0.0,0.0,0.0,3.0,1.0
2.0,282.0,1500.0,1151.0,1,0.0,0.0,0.0,990000,9102.0,0.0,0.0,0.0,0.0,3.0,1.0
1.0,53.0,1240.0,586.0,1,0.0,0.0,0.0,890000,53.0,0.0,1.0,0.0,1.0,3.0,1.0
2.0,282.0,1932.0,1151.0,1,0.0,2.0,0.0,6500000,169.0,1.0,0.0,1.0,0.0,3.0,1.0
0.0,282.0,1932.0,671.0,1,0.0,1.0,1.0,1350000,700.0,0.0,1.0,0.0,0.0,3.0,1.0
0.0,282.0,1932.0,1151.0,1,0.0,4.0,1.0,2950000,9102.0,0.0,0.0,0.0,3.0,3.0,1.0
0.0,488.0,1932.0,1200.0,1,0.0,2.0,1.0,6500000,600.0,2.0,0.0,0.0,6.0,3.0,1.0
0.0,282.0,2700.0,1000.0,1,0.0,2.0,1.0,2990000,9102.0,1.0,1.0,1.0,1.0,3.0,1.0
1.0,68.0,1212.0,1151.0,0,0.0,0.0,0.0,900000,9102.0,1.0,1.0,0.0,2.0,3.0,1.0
1.0,132.0,3329.0,1535.0,1,1.0,0.0,0.0,2950000,7.0,0.0,0.0,1.0,2.0,3.0,1.0
0.0,282.0,1932.0,650.0,1,1.0,1.0,0.0,1095000,843.0,0.0,0.0,1.0,0.0,3.0,1.0
2.0,288.0,6200.0,4600.0,0,1.0,2.0,1.0,3600000,9102.0,0.0,1.0,1.0,0.0,3.0,1.0
0.0,282.0,1932.0,1151.0,1,1.0,0.0,0.0,1350000,292.0,0.0,0.0,1.0,1.0,3.0,1.0
0.0,282.0,1932.0,702.0,0,0.0,1.0,0.0,1599000,918.0,0.0,0.0,0.0,0.0,3.0,1.0
0.0,282.0,1932.0,1683.0,1,0.0,2.0,1.0,6500000,910.0,2.0,1.0,1.0,4.0,3.0,1.0
2.0,150.0,1640.0,931.0,1,1.0,1.0,0.0,1350000,244.0,0.0,0.0,0.0,1.0,3.0,1.0
0.0,130.0,1932.0,740.0,1,1.0,2.0,1.0,2695000,640.0,0.0,0.0,1.0,2.0,3.0,1.0
0.0,150.0,1932.0,25.0,1,0.0,0.0,0.0,900000,180.0,0.0,0.0,0.0,0.0,3.0,1.0
2.0,282.0,700.0,400.0,0,0.0,2.0,0.0,890000,356.0,1.0,0.0,1.0,2.0,3.0,1.0
0.0,282.0,938.0,1151.0,1,0.0,2.0,0.0,3495000,749.0,0.0,0.0,0.0,0.0,3.0,1.0
0.0,127.0,1932.0,1151.0,0,0.0,0.0,0.0,3300000,9102.0,1.0,0.0,0.0,0.0,3.0,1.0
2.0,75.0,3444.0,1010.0,1,0.0,0.0,0.0,1850000,9102.0,1.0,0.0,1.0,1.0,3.0,1.0
1.0,54.0,1142.0,1075.0,1,1.0,0.0,0.0,2950000,9102.0,0.0,0.0,0.0,0.0,3.0,0.5
2.0,148.0,4500.0,1299.0,1,1.0,1.0,1.0,1850000,31.0,0.0,1.0,1.0,1.0,3.0,1.0
0.0,282.0,1932.0,2500.0,1,0.0,2.0,1.0,3600000,424.0,1.0,0.0,0.0,0.0,3.0,1.0
1.0,128.0,1970.0,883.0,1,0.0,2.0,1.0,1350000,9102.0,0.0,0.0,0.0,0.0,3.0,1.0
0.0,400.0,1932.0,1742.0,1,0.0,2.0,1.0,3300000,2.0,0.0,0.0,0.0,0.0,3.0,1.0
1.0,282.0,1932.0,1151.0,1,0.0,0.0,0.0,645000,9102.0,0.0,0.0,0.0,0.0,3.0,1.0
1.0,65.0,3557.0,2170.0,1,0.0,0.0,0.0,3100000,9102.0,0.0,0.0,0.0,0.0,3.0,1.0
0.0,63.0,2005.0,350.0,1,1.0,0.0,1.0,860000,63.0,0.0,1.0,0.0,1.0,3.0,1.0
0.0,350.0,1860.0,3000.0,1,2.0,3.0,1.0,4300000,990.0,1.0,1.0,1.0,0.0,3.0,1.0
2.0,180.0,2645.0,1754.0,1,1.0,2.0,1.0,4300000,6.0,0.0,0.0,0.0,4.0,3.0,1.0
2.0,165.0,4300.0,1666.0,1,1.0,2.0,0.0,1850000,9102.0,0.0,1.0,1.0,0.0,3.0,1.0
2.0,108.0,845.0,1151.0,1,0.0,0.0,1.0,645000,9102.0,0.0,0.0,1.0,1.0,3.0,1.0
2.0,188.0,3108.0,955.0,1,1.0,2.0,1.0,2999000,9102.0,0.0,1.0,1.0,1.0,3.0,1.0
2.0,382.0,1932.0,503.0,1,0.0,0.0,0.0,890000,383.0,0.0,0.0,0.0,2.0,3.0,1.0
1.0,66.0,3019.0,1151.0,1,0.0,0.0,0.0,900000,9102.0,1.0,0.0,0.0,0.0,3.0,1.0
1.0,61.0,2000.0,1200.0,1,0.0,0.0,0.0,2950000,9102.0,1.0,0.0,1.0,0.0,3.0,1.0
1.0,282.0,1932.0,1151.0,1,1.0,0.0,0.0,1850000,9102.0,1.0,1.0,1.0,1.0,3.0,1.0
1.0,282.0,1932.0,1151.0,0,0.0,0.0,0.0,1095000,9102.0,0.0,0.0,0.0,1.0,3.0,1.0
1.0,93.0,3800.0,2500.0,1,1.0,0.0,0.0,3600000,9102.0,0.0,1.0,1.0,1.0,3.0,1.0
1.0,146.0,1100.0,600.0,1,0.0,0.0,0.0,2950000,9102.0,1.0,0.0,1.0,2.0,3.0,1.0
2.0,90.0,1350.0,750.0,1,0.0,0.5,1.0,900000,100.0,0.0,0.0,0.0,2.0,3.0,1.0
0.0,149.0,1250.0,1151.0,1,0.0,1.0,0.0,1850000,9102.0,0.0,0.0,0.0,1.0,3.0,1.0
0.0,282.0,1932.0,600.0,0,1.0,0.0,1.0,890000,1.0,0.0,0.0,0.0,0.0,3.0,1.0
0.0,282.0,400.0,850.0,1,0.0,2.0,1.0,2695000,501.0,1.0,0.0,0.0,2.0,3.0,1.0
2.0,166.0,2600.0,980.0,1,1.0,1.0,1.0,1850000,9102.0,1.0,1.0,1.0,0.0,3.0,1.0
1.0,59.0,1350.0,350.0,1,0.0,0.0,0.0,1095000,20000.0,1.0,0.0,0.0,1.0,3.0,1.0
0.0,270.0,950.0,1550.0,1,0.0,2.0,1.0,2695000,469.0,0.0,1.0,1.0,0.0,3.0,1.0
0.0,346.0,1350.0,2000.0,1,1.0,2.0,1.0,3495000,1.0,0.0,0.0,0.0,0.0,3.0,1.0
0.0,279.0,1932.0,1151.0,1,1.0,0.0,0.0,860000,280.0,0.0,0.0,0.0,0.0,3.0,1.0
0.0,282.0,1932.0,3800.0,1,1.0,0.0,0.0,4300000,1.0,0.0,1.0,1.0,6.0,3.0,1.0
2.0,130.0,3218.0,840.0,1,1.0,0.0,0.0,890000,9102.0,0.0,0.0,0.0,0.0,3.0,1.0
1.0,82.0,1800.0,600.0,1,0.0,1.0,0.0,645000,82.0,0.0,0.0,0.0,0.0,3.0,1.0
1.0,117.0,510.0,800.0,1,0.0,0.0,0.0,900000,9102.0,0.0,0.0,1.0,1.0,3.0,1.0
0.0,174.0,1932.0,1151.0,1,0.0,0.0,0.0,1850000,500.0,0.0,0.0,1.0,0.0,3.0,1.0
1.0,53.0,1200.0,500.0,1,1.0,0.0,1.0,890000,9102.0,1.0,1.0,0.0,1.0,3.0,1.0
2.0,101.0,1932.0,1151.0,1,0.0,0.0,0.0,1599000,9102.0,0.0,0.0,0.0,0.0,3.0,1.0
2.0,248.0,2250.0,2500.0,1,0.0,2.0,0.0,3495000,1.0,1.0,0.0,1.0,0.0,3.0,1.0
0.0,282.0,2200.0,1050.0,1,0.0,1.0,1.0,2999000,9102.0,0.0,0.0,0.0,1.0,3.0,1.0
0.0,200.0,1932.0,1772.0,1,1.0,1.0,1.0,2390000,495.0,0.0,1.0,1.0,2.0,3.0,1.0
0.0,159.0,1932.0,3043.0,1,0.0,1.0,0.0,6500000,409.0,1.0,0.0,1.0,0.0,3.0,1.0
2.0,85.0,2618.0,456.0,1,1.0,0.0,1.0,1350000,9102.0,0.0,1.0,0.0,0.0,3.0,1.0
0.0,231.0,1800.0,1151.0,1,0.0,2.0,0.0,2950000,804.0,1.0,0.0,1.0,0.0,3.0,1.0
0.0,282.0,1932.0,1720.0,1,1.0,2.0,0.0,3495000,747.0,0.0,1.0,1.0,2.0,3.0,1.0
0.0,173.0,1225.0,1200.0,1,1.0,1.0,1.0,2695000,494.0,0.0,0.0,0.0,1.0,3.0,1.0
0.0,310.0,600.0,1408.0,1,1.0,2.0,1.0,3100000,652.0,0.0,1.0,1.0,0.0,3.0,1.0
0.0,145.0,1932.0,1024.0,1,0.0,0.0,0.0,2695000,146.0,0.0,0.0,0.0,0.0,3.0,1.0
0.0,282.0,1500.0,2800.0,1,1.0,2.0,1.0,2999000,515.0,0.0,0.0,1.0,0.0,3.0,1.0
0.0,113.0,1932.0,1233.0,1,0.0,0.0,0.0,2950000,289.0,0.0,0.0,0.0,0.0,3.0,1.0
2.0,80.0,1630.0,430.0,1,1.0,1.0,1.0,890000,200.0,0.0,0.0,1.0,1.0,3.0,1.0
0.0,282.0,1932.0,551.0,1,0.0,1.0,0.0,3495000,524.0,0.0,0.0,1.0,0.0,3.0,1.0
0.0,330.0,1932.0,1400.0,1,0.0,2.0,0.0,3495000,46.0,0.0,0.0,0.0,0.0,3.0,1.0
0.0,282.0,1857.0,1151.0,1,0.0,0.0,0.0,2950000,664.0,0.0,0.0,0.0,0.0,3.0,1.0
0.0,69.0,2922.0,1151.0,1,1.0,1.0,1.0,1850000,9102.0,0.0,1.0,0.0,0.0,3.0,1.0
1.0,52.0,8000.0,1623.0,0,0.0,0.0,1.0,3100000,9102.0,1.0,0.0,0.0,1.0,3.0,1.0
0.0,270.0,1932.0,1281.0,1,1.0,2.0,1.0,3495000,1.0,0.0,0.0,1.0,0.0,3.0,1.0
0.0,275.0,1932.0,1100.0,1,0.0,0.0,1.0,1850000,1.0,1.0,1.0,1.0,2.0,3.0,1.0
0.0,282.0,1932.0,3073.0,1,0.0,4.0,1.0,3495000,2.0,0.0,1.0,1.0,0.0,3.0,1.0
0.0,243.0,1932.0,1151.0,1,0.0,2.0,1.0,1850000,679.0,1.0,1.0,0.0,0.0,3.0,1.0
2.0,112.0,1300.0,670.0,0,0.0,1.0,0.0,860000,9102.0,1.0,0.0,1.0,1.0,3.0,1.0
0.0,282.0,1932.0,1225.0,1,0.0,2.0,1.0,1599000,882.0,1.0,0.0,1.0,1.0,3.0,1.0
0.0,282.0,1932.0,2200.0,1,0.0,3.0,0.0,4300000,2.0,0.0,0.0,1.0,0.0,3.0,1.0
2.0,95.0,2234.0,1100.0,1,0.0,1.0,1.0,900000,9102.0,0.0,0.0,0.0,0.0,3.0,1.0
0.0,166.0,300.0,690.0,0,0.0,0.0,0.0,2390000,344.0,1.0,0.0,1.0,0.0,3.0,1.0
0.0,95.0,480.0,450.0,1,0.0,0.0,0.0,1350000,161.0,0.0,0.0,0.0,0.0,3.0,1.0
2.0,84.0,1180.0,630.0,1,0.0,1.0,1.0,900000,11.0,0.0,0.0,1.0,2.0,3.0,1.0
0.0,282.0,1932.0,2200.0,1,1.0,1.0,1.0,2390000,3.0,0.0,0.0,1.0,3.0,3.0,1.0
0.0,1132.0,600.0,800.0,1,0.0,1.0,1.0,1350000,1.0,1.0,1.0,0.0,0.0,3.0,1.0
1.0,82.0,1060.0,343.0,1,1.0,0.0,1.0,890000,4.0,0.0,1.0,0.0,1.0,3.0,1.0
0.0,282.0,1932.0,1400.0,1,0.0,0.0,0.0,3100000,991.0,1.0,0.0,1.0,0.0,3.0,1.0
0.0,282.0,1030.0,1151.0,1,1.0,1.0,1.0,1599000,352.0,0.0,0.0,1.0,1.0,3.0,1.0
1.0,96.0,1200.0,357.0,0,0.0,0.0,0.0,860000,9102.0,0.0,0.0,1.0,0.0,3.0,1.0
0.0,120.0,1932.0,900.0,1,0.0,0.0,0.0,1095000,325.0,0.0,0.0,1.0,0.0,3.0,1.0
2.0,282.0,1010.0,850.0,1,0.0,1.0,0.0,990000,9102.0,1.0,0.0,0.0,1.0,3.0,1.0
0.0,1.0,1932.0,1151.0,1,1.0,0.0,1.0,2580000,1.0,0.0,0.0,0.0,0.0,3.0,1.0
1.0,87.0,2390.0,800.0,1,0.0,0.0,1.0,1350000,9102.0,0.0,0.0,0.0,1.0,3.0,1.0
0.0,282.0,1932.0,1151.0,1,0.0,1.0,1.0,1095000,291.0,0.0,0.0,0.0,1.0,3.0,1.0
0.0,375.0,1932.0,1151.0,1,0.0,2.0,0.0,2950000,1.0,1.0,1.0,1.0,3.0,3.0,1.0
1.0,43.0,1932.0,1151.0,1,0.0,0.0,0.0,1850000,43.0,1.0,1.0,0.0,1.0,3.0,1.0
2.0,138.0,2560.0,900.0,1,1.0,2.0,1.0,1350000,9102.0,0.0,0.0,1.0,0.0,3.0,1.0
2.0,282.0,800.0,1600.0,1,0.0,2.0,1.0,1850000,324.0,0.0,0.0,1.0,0.0,3.0,1.0
0.0,282.0,1932.0,1151.0,0,0.0,0.0,0.0,3300000,9102.0,0.0,0.0,1.0,0.0,3.0,1.0
0.0,282.0,2413.0,669.0,1,0.0,2.0,0.0,2999000,625.0,1.0,0.0,1.0,0.0,3.0,1.0
0.0,282.0,1932.0,860.0,1,1.0,0.0,0.0,1095000,827.0,0.0,1.0,1.0,2.0,3.0,1.0
0.0,282.0,1932.0,1151.0,1,0.0,2.0,1.0,2999000,1.0,1.0,1.0,1.0,2.0,3.0,1.0
0.0,282.0,1932.0,700.0,1,0.0,2.0,1.0,1850000,1.0,1.0,1.0,0.0,8.0,3.0,1.0
1.0,138.0,2461.0,2172.0,1,0.0,0.0,1.0,3495000,4.0,1.0,1.0,0.0,2.0,3.0,1.0
0.0,282.0,1932.0,1151.0,1,0.0,2.0,0.0,890000,9102.0,1.0,0.0,1.0,0.0,3.0,1.0
0.0,282.0,1932.0,1151.0,1,0.0,1.0,1.0,1850000,216.0,0.0,0.0,1.0,1.0,3.0,1.0
0.0,282.0,1932.0,1151.0,1,0.0,0.0,0.0,1850000,9102.0,0.0,0.0,1.0,3.0,3.0,1.0
0.0,282.0,1932.0,1151.0,0,0.0,0.0,0.0,860000,376.0,1.0,0.0,0.0,1.0,3.0,1.0
0.0,86.0,1932.0,1151.0,1,0.0,0.0,0.0,4300000,2.0,0.0,0.0,0.0,0.0,3.0,1.0
0.0,282.0,1932.0,1151.0,1,0.0,1.0,1.0,1599000,9102.0,3.0,0.0,1.0,2.0,3.0,1.0
0.0,282.0,1932.0,1445.0,1,1.0,3.0,1.0,2660000,1.0,0.0,1.0,0.0,2.0,3.0,1.0
1.0,67.0,1057.0,365.0,0,0.0,0.0,1.0,990000,9102.0,0.0,1.0,1.0,1.0,3.0,1.0
2.0,62.0,950.0,1020.0,1,1.0,2.0,0.0,860000,9102.0,1.0,0.0,0.0,0.0,3.0,1.0
0.0,194.0,1932.0,1500.0,1,0.0,0.0,0.0,1850000,640.0,1.0,0.0,1.0,0.0,3.0,1.0
0.0,282.0,1932.0,1151.0,1,1.0,2.0,1.0,1850000,1.0,0.0,1.0,0.0,0.0,3.0,1.0
0.0,88.0,1932.0,1151.0,1,1.0,1.0,0.0,1850000,9102.0,0.0,0.0,0.0,0.0,3.0,1.0
0.0,250.0,1900.0,1151.0,1,1.0,2.0,1.0,2990000,450.0,1.0,0.0,1.0,2.0,3.0,1.0
0.0,179.0,1932.0,1151.0,1,0.0,2.0,0.0,1850000,379.0,0.0,0.0,0.0,0.0,3.0,1.0
1.0,282.0,1932.0,1151.0,1,0.0,0.0,0.0,990000,9102.0,1.0,0.0,0.0,0.0,3.0,1.0
0.0,282.0,1932.0,2738.0,1,0.0,2.0,1.0,3650000,616.0,0.0,1.0,1.0,2.0,3.0,1.0
0.0,282.0,1932.0,1750.0,1,0.0,3.0,0.0,3300000,495.0,2.0,1.0,1.0,0.0,3.0,1.0
0.0,433.0,5500.0,1151.0,1,3.0,1.0,1.0,6500000,9102.0,1.0,1.0,2.0,4.0,3.0,1.0
0.0,1287.0,1932.0,1151.0,1,0.0,0.0,0.0,3300000,4.0,0.0,0.0,0.0,0.0,3.0,1.0
0.0,161.0,2888.0,3841.0,1,0.0,2.0,1.0,3650000,9102.0,1.0,0.0,0.0,0.0,3.0,1.0
1.0,36.0,1600.0,1151.0,1,0.0,0.0,1.0,1095000,9102.0,0.0,1.0,0.0,0.0,3.0,1.0
2.0,134.0,2870.0,1100.0,1,1.0,0.0,0.0,1095000,8.0,0.0,1.0,1.0,1.0,3.0,1.0
0.0,388.0,1560.0,2405.0,1,1.0,2.0,1.0,3600000,961.0,0.0,0.0,1.0,0.0,3.0,1.0
1.0,106.0,3500.0,2140.0,1,1.0,0.0,0.0,2990000,9102.0,1.0,0.0,1.0,2.0,3.0,1.0
0.0,282.0,1932.0,1151.0,1,1.0,2.0,1.0,990000,1.0,0.0,0.0,1.0,2.0,3.0,1.0
0.0,108.0,1820.0,1151.0,1,1.0,0.0,1.0,1850000,9102.0,0.0,0.0,0.0,2.0,3.0,1.0
1.0,88.0,1943.0,492.0,1,0.0,0.0,0.0,1095000,9102.0,1.0,0.0,0.0,2.0,3.0,1.0
1.0,52.0,1264.0,495.0,1,1.0,0.0,1.0,1350000,52.0,1.0,0.0,0.0,1.0,3.0,1.0
2.0,157.0,1500.0,1500.0,1,1.0,1.0,0.0,2950000,165.0,0.0,0.0,1.0,0.0,3.0,1.0
1.0,87.0,1500.0,1100.0,0,1.0,0.0,1.0,990000,87.0,0.0,1.0,0.0,1.0,3.0,1.0
1.0,36.0,1204.0,1080.0,0,0.0,0.0,0.0,1350000,9102.0,1.0,0.0,0.0,0.0,3.0,1.0
2.0,282.0,1880.0,200.0,1,0.0,0.0,0.0,890000,9102.0,0.0,0.0,0.0,0.0,3.0,1.0
0.0,282.0,1932.0,1151.0,1,0.0,0.0,0.0,900000,250.0,1.0,0.0,0.0,2.0,3.0,1.0
0.0,282.0,1932.0,1500.0,1,0.0,2.0,1.0,3495000,927.0,0.0,1.0,0.0,4.0,3.0,1.0
1.0,68.0,1932.0,1100.0,1,1.0,0.0,1.0,1850000,9102.0,0.0,1.0,1.0,2.0,3.0,1.0
0.0,282.0,1932.0,1151.0,1,1.0,0.0,0.0,3300000,961.0,0.0,1.0,0.0,6.0,3.0,1.0
0.0,900.0,2500.0,1151.0,1,0.0,4.0,0.0,6500000,10000.0,3.0,0.0,1.0,0.0,3.0,1.0
0.0,650.0,1932.0,1151.0,0,0.0,0.0,0.0,3600000,4.0,0.0,0.0,1.0,24.0,3.0,1.0
0.0,282.0,1730.0,650.0,1,1.0,0.0,0.0,860000,9102.0,0.0,0.0,0.0,2.0,3.0,1.0
0.0,282.0,1932.0,1151.0,1,0.0,0.0,0.0,3600000,10000.0,0.0,1.0,1.0,4.0,3.0,1.0
1.0,282.0,1932.0,1151.0,1,1.0,0.0,0.0,1850000,9102.0,1.0,0.0,1.0,1.0,3.0,1.0
0.0,282.0,1932.0,1151.0,1,0.0,2.0,1.0,2950000,497.0,0.0,1.0,1.0,0.0,3.0,1.0
0.0,498.0,1300.0,305.0,1,2.0,3.0,1.0,3495000,10.0,1.0,0.0,1.0,0.0,3.0,1.0
0.0,282.0,1932.0,600.0,1,1.0,1.0,1.0,1350000,1.0,0.0,0.0,1.0,1.0,3.0,1.0
1.0,118.0,1109.0,1425.0,1,0.0,1.0,1.0,3300000,9102.0,0.0,0.0,1.0,1.0,3.0,1.0
0.0,300.0,1932.0,2800.0,1,0.0,0.0,0.0,3300000,495.0,0.0,0.0,0.0,0.0,3.0,1.0
1.0,95.0,1932.0,1151.0,0,0.0,0.0,0.0,2950000,9102.0,1.0,0.0,0.0,2.0,3.0,1.0
2.0,132.0,1200.0,600.0,1,1.0,0.0,0.0,900000,1.0,0.0,0.0,1.0,1.0,3.0,1.0
1.0,170.0,1932.0,1151.0,0,0.0,2.0,1.0,2950000,9102.0,1.0,0.0,1.0,0.0,3.0,1.0
0.0,550.0,1932.0,2862.0,0,0.0,2.0,0.0,3495000,4.0,1.0,1.0,0.0,0.0,3.0,1.0
1.0,117.0,1932.0,1151.0,1,1.0,1.0,0.0,3300000,9102.0,0.0,1.0,0.0,1.0,3.0,1.0
0.0,282.0,1932.0,1151.0,1,0.0,0.0,0.0,3100000,9102.0,0.0,0.0,0.0,0.0,3.0,1.0
0.0,282.0,1932.0,1151.0,1,1.0,0.0,0.0,900000,9102.0,0.0,0.0,0.0,0.0,3.0,1.0
0.0,282.0,1932.0,1151.0,1,0.0,4.0,1.0,3600000,1.0,1.0,1.0,0.0,2.0,3.0,1.0
0.0,282.0,1932.0,1151.0,0,0.0,0.0,0.0,1350000,9102.0,1.0,0.0,0.0,0.0,3.0,1.0
0.0,282.0,1932.0,1151.0,1,0.0,3.0,1.0,6500000,2.0,0.0,0.0,1.0,1.0,3.0,1.0
2.0,65.0,900.0,1151.0,1,1.0,1.0,0.0,645000,9102.0,0.0,0.0,0.0,0.0,3.0,1.0
1.0,151.0,2751.0,1151.0,1,1.0,0.0,1.0,2950000,9102.0,1.0,1.0,1.0,2.0,3.0,1.0
0.0,180.0,1932.0,1151.0,1,0.0,0.0,0.0,3650000,440.0,0.0,0.0,0.0,0.0,3.0,1.0
0.0,282.0,1932.0,1583.0,0,0.0,2.0,1.0,2950000,991.0,0.0,1.0,1.0,0.0,3.0,1.0
1.0,85.0,1430.0,215.0,1,0.0,0.0,0.0,1095000,9102.0,0.0,0.0,0.0,0.0,3.0,1.0
1.0,46.0,1899.0,580.0,1,1.0,0.0,0.0,1850000,46.0,0.0,0.0,0.0,1.0,3.0,1.0
0.0,282.0,1932.0,1004.0,1,0.0,3.0,1.0,2990000,1.0,1.0,0.0,0.0,0.0,3.0,1.0
2.0,282.0,1735.0,1200.0,1,0.0,2.0,1.0,1850000,9102.0,0.0,1.0,1.0,2.0,3.0,1.0
1.0,115.0,2972.0,2328.0,0,0.0,0.0,0.0,3300000,9102.0,1.0,0.0,1.0,2.0,3.0,1.0
1.0,72.0,1932.0,1151.0,1,0.0,0.0,0.0,860000,72.0,0.0,0.0,0.0,0.0,3.0,1.0
0.0,282.0,1932.0,1151.0,1,0.0,0.0,0.0,2390000,9102.0,2.0,0.0,0.0,0.0,3.0,1.0
0.0,282.0,1932.0,1151.0,1,0.0,0.0,0.0,1350000,9102.0,1.0,0.0,1.0,0.0,3.0,1.0
0.0,282.0,1932.0,1151.0,1,1.0,2.0,0.0,1350000,1.0,0.0,1.0,0.0,1.0,3.0,1.0
1.0,96.0,1300.0,300.0,1,0.0,1.0,1.0,645000,2.0,0.0,0.0,0.0,1.0,3.0,1.0
1.0,86.0,1900.0,700.0,0,1.0,1.0,0.0,900000,103.0,0.0,0.0,1.0,0.0,3.0,1.0
0.0,464.0,2000.0,2730.0,1,2.0,2.0,1.0,2999000,1.0,1.0,0.0,1.0,2.0,3.0,1.0
0.0,282.0,900.0,1151.0,1,0.0,0.0,1.0,900000,9102.0,0.0,0.0,0.0,0.0,3.0,1.0
2.0,87.0,850.0,500.0,1,1.0,2.0,0.0,860000,2.0,0.0,0.0,1.0,1.0,3.0,1.0
0.0,282.0,1932.0,950.0,1,0.0,0.0,0.0,890000,1.0,1.0,0.0,0.0,2.0,3.0,1.0
0.0,204.0,3000.0,3000.0,1,0.0,2.0,1.0,3495000,300.0,0.0,1.0,0.0,0.0,3.0,1.0
2.0,159.0,2423.0,1495.0,0,0.0,1.0,0.0,2990000,9102.0,1.0,0.0,1.0,1.0,3.0,1.0
1.0,84.0,3300.0,850.0,1,0.0,0.0,0.0,990000,9102.0,0.0,0.0,0.0,0.0,3.0,1.0
1.0,147.0,3602.0,1731.0,1,0.0,1.0,0.0,3300000,9102.0,0.0,1.0,0.0,0.0,3.0,1.0
1.0,282.0,1600.0,725.0,1,1.0,0.0,0.0,890000,9102.0,0.0,1.0,0.0,1.0,3.0,1.0
0.0,282.0,1932.0,1313.0,1,0.0,2.0,1.0,2950000,1.0,1.0,0.0,0.0,0.0,3.0,1.0
0.0,282.0,1932.0,500.0,1,1.0,0.0,1.0,645000,450.0,0.0,0.0,0.0,1.0,3.0,1.0
0.0,282.0,1932.0,1151.0,1,0.0,2.0,1.0,3650000,330.0,1.0,0.0,1.0,0.0,3.0,1.0
0.0,500.0,1932.0,800.0,1,1.0,0.0,1.0,3100000,40000.0,0.0,1.0,1.0,8.0,3.0,1.0
0.0,130.0,1953.0,1151.0,1,0.0,1.0,0.0,1236000,375.0,1.0,0.0,0.0,0.0,3.0,1.0
0.0,280.0,1932.0,1151.0,1,0.0,0.0,1.0,1850000,6.0,2.0,0.0,2.0,1.0,3.0,1.0
1.0,141.0,2100.0,1151.0,1,1.0,1.0,0.0,1850000,9102.0,0.0,0.0,1.0,1.0,3.0,1.0
0.0,280.0,1932.0,519.0,1,0.0,1.0,1.0,645000,1.0,1.0,0.0,1.0,1.0,3.0,1.0
1.0,251.0,3000.0,790.0,1,0.0,2.0,1.0,1850000,9102.0,1.0,0.0,1.0,2.0,3.0,1.0
1.0,282.0,1500.0,1500.0,1,0.0,0.0,0.0,3100000,80.0,0.0,1.0,0.0,3.0,3.0,1.0
1.0,129.0,1932.0,1151.0,0,0.0,1.0,0.0,2950000,9102.0,0.0,1.0,0.0,0.0,3.0,1.0
1.0,87.0,1500.0,500.0,1,1.0,0.0,0.0,1850000,37.0,1.0,1.0,1.0,1.0,3.0,1.0
0.0,111.0,1932.0,318.0,1,1.0,1.0,1.0,1350000,268.0,1.0,0.0,1.0,2.0,3.0,1.0
0.0,282.0,1932.0,1151.0,1,0.0,0.0,1.0,3300000,9102.0,6.0,0.0,1.0,1.0,3.0,1.0
1.0,40.0,1932.0,1151.0,0,0.0,0.0,0.0,1850000,9102.0,1.0,0.0,1.0,1.0,3.0,1.0
2.0,83.0,2120.0,613.0,1,0.0,0.0,0.0,1095000,1.0,1.0,1.0,0.0,2.0,3.0,1.0
2.0,196.0,1773.0,1151.0,1,1.0,2.0,0.0,2950000,9102.0,0.0,1.0,1.0,1.0,3.0,1.0
1.0,88.0,2650.0,1600.0,1,0.0,0.0,1.0,1599000,9102.0,1.0,1.0,1.0,2.0,3.0,1.0
0.0,282.0,1932.0,1151.0,1,0.0,0.0,0.0,2950000,21.0,0.0,0.0,0.0,0.0,3.0,1.0
1.0,93.0,1689.0,990.0,1,1.0,0.0,0.0,1095000,9102.0,0.0,0.0,0.0,1.0,3.0,1.0
0.0,350.0,1932.0,1712.0,1,0.0,2.0,1.0,3495000,1.0,0.0,0.0,0.0,0.0,3.0,1.0
0.0,282.0,1932.0,1151.0,1,1.0,0.0,0.0,990000,95.0,0.0,1.0,1.0,1.0,3.0,1.0
1.0,57.0,1150.0,500.0,1,1.0,0.0,1.0,1350000,9102.0,0.0,0.0,1.0,2.0,3.0,1.0
1.0,154.0,2400.0,1151.0,1,0.0,2.0,0.0,6500000,9102.0,0.0,0.0,0.0,0.0,3.0,1.0
0.0,360.0,1932.0,1151.0,1,0.0,2.0,0.0,4300000,1.0,0.0,0.0,0.0,2.0,3.0,1.0
2.0,282.0,1932.0,1151.0,1,1.0,1.0,1.0,990000,9102.0,0.0,0.0,1.0,0.0,3.0,1.0
1.0,101.0,1916.0,1151.0,1,1.0,2.0,1.0,890000,23.0,0.0,0.0,1.0,0.0,3.0,1.0
0.0,420.0,1932.0,1200.0,1,0.0,4.0,1.0,2950000,1.0,0.0,0.0,1.0,0.0,3.0,1.0
1.0,94.0,1700.0,800.0,1,1.0,0.0,0.0,2695000,9102.0,0.0,1.0,1.0,2.0,3.0,1.0
0.0,240.0,1932.0,177.0,1,0.0,2.0,0.0,860000,549.0,1.0,0.0,1.0,0.0,3.0,1.0
0.0,282.0,1932.0,1151.0,1,0.0,0.0,0.0,2950000,896.0,0.0,0.0,0.0,0.0,3.0,1.0
0.0,275.0,1500.0,2500.0,1,0.0,2.0,1.0,3600000,897.0,1.0,0.0,1.0,0.0,3.0,1.0
0.0,380.0,1932.0,1800.0,1,0.0,0.0,1.0,2950000,755.0,1.0,0.0,0.0,0.0,3.0,1.0
0.0,282.0,1932.0,1151.0,1,1.0,0.0,0.0,3495000,2.0,0.0,1.0,1.0,20.0,3.0,1.0
1.0,95.0,2741.0,770.0,1,0.0,0.0,0.0,900000,9102.0,1.0,0.0,1.0,1.0,3.0,1.0
0.0,282.0,1932.0,1151.0,0,0.0,0.0,0.0,1350000,9102.0,2.0,0.0,1.0,0.0,3.0,1.0
1.0,90.0,3046.0,1335.0,1,0.0,0.0,0.0,2950000,9102.0,1.0,0.0,0.0,2.0,3.0,1.0
1.0,133.0,2371.0,2067.0,0,0.0,2.0,0.0,3600000,9102.0,1.0,0.0,1.0,0.0,3.0,1.0
1.0,110.0,1500.0,1000.0,0,0.0,1.0,0.0,990000,4.0,1.0,0.0,1.0,0.0,3.0,1.0
0.0,526.0,1932.0,1525.0,1,1.0,2.0,1.0,3300000,1.0,0.0,0.0,1.0,2.0,3.0,1.0
1.0,282.0,1880.0,1151.0,1,0.0,0.0,0.0,890000,9102.0,0.0,0.0,0.0,0.0,3.0,1.0
1.0,76.0,2270.0,772.0,1,1.0,0.0,0.0,890000,9102.0,0.0,0.0,0.0,0.0,3.0,1.0
2.0,260.0,1932.0,1151.0,1,1.0,2.0,1.0,6500000,260.0,0.0,0.0,1.0,1.0,3.0,1.0
0.0,472.0,495.0,1920.0,1,0.0,3.0,1.0,2950000,2.0,0.0,0.0,1.0,4.0,3.0,1.0
1.0,61.0,1500.0,350.0,1,1.0,0.0,1.0,900000,9102.0,0.0,0.0,0.0,0.0,3.0,1.0
0.0,351.0,990.0,1521.0,1,0.0,2.0,1.0,2990000,503.0,0.0,0.0,0.0,1.0,3.0,1.0
0.0,200.0,1150.0,1658.0,1,1.0,3.0,2.0,2950000,591.0,2.0,1.0,2.0,1.0,3.0,1.0
1.0,92.0,2710.0,571.0,1,1.0,0.0,0.0,990000,9102.0,1.0,1.0,1.0,1.0,3.0,1.0
0.0,200.0,1932.0,500.0,1,1.0,2.0,1.0,900000,858.0,0.0,0.0,1.0,0.0,3.0,1.0
2.0,66.0,820.0,1151.0,1,1.0,0.0,1.0,860000,9102.0,0.0,0.0,0.0,1.0,3.0,1.0
1.0,271.0,1932.0,1680.0,1,0.0,1.0,0.0,3650000,9102.0,0.0,0.0,0.0,0.0,3.0,1.0
0.0,154.0,1932.0,1000.0,1,1.0,0.0,0.0,1850000,827.0,0.0,0.0,0.0,0.0,3.0,1.0
2.0,80.0,1932.0,1151.0,0,0.0,1.0,0.0,645000,9102.0,1.0,0.0,0.0,1.0,3.0,1.0
0.0,282.0,1932.0,1151.0,1,1.0,1.0,0.0,2390000,1.0,2.0,1.0,1.0,1.0,3.0,1.0
1.0,144.0,2938.0,700.0,0,0.0,1.0,0.0,890000,4.0,1.0,0.0,1.0,0.0,3.0,1.0
0.0,991.0,1932.0,420.0,1,0.0,0.0,0.0,2390000,993.0,0.0,1.0,0.0,2.0,3.0,1.0
0.0,282.0,2500.0,1600.0,1,0.0,0.0,0.0,4300000,1.0,0.0,0.0,0.0,0.0,3.0,1.0
1.0,282.0,2096.0,572.0,1,0.0,1.0,0.0,1350000,9102.0,0.0,0.0,0.0,1.0,3.0,1.0
1.0,110.0,1932.0,1151.0,0,1.0,1.0,1.0,900000,9102.0,0.0,0.0,1.0,1.0,3.0,1.0
1.0,158.0,4289.0,1089.0,1,0.0,0.0,1.0,1850000,9102.0,1.0,1.0,1.0,2.0,3.0,1.0
0.0,389.0,1932.0,821.0,0,0.0,2.0,0.0,1850000,1.0,1.0,1.0,1.0,2.0,3.0,1.0
0.0,591.0,2075.0,2155.0,1,1.0,4.0,1.0,6500000,1.0,0.0,1.0,0.0,0.0,3.0,1.0
0.0,282.0,1932.0,1151.0,1,0.0,2.0,0.0,900000,321.0,1.0,0.0,1.0,2.0,3.0,1.0
1.0,282.0,4776.0,2172.0,0,0.0,0.0,0.0,3300000,9102.0,1.0,0.0,1.0,0.0,3.0,1.0
1.0,55.0,1350.0,830.0,0,0.0,0.0,1.0,1350000,9102.0,1.0,0.0,1.0,2.0,3.0,1.0
2.0,263.0,2790.0,1710.0,1,1.0,2.0,1.0,1850000,3.0,0.0,0.0,1.0,1.0,3.0,1.0
0.0,282.0,1550.0,450.0,0,0.0,0.0,0.0,900000,9102.0,0.0,0.0,0.0,0.0,3.0,1.0
1.0,168.0,2118.0,2004.0,1,0.0,1.0,0.0,2999000,2.0,1.0,1.0,0.0,2.0,3.0,1.0
0.0,282.0,1932.0,800.0,1,1.0,0.0,1.0,890000,1.0,0.0,0.0,1.0,1.0,3.0,1.0
1.0,149.0,1933.0,3696.0,1,1.0,1.0,0.0,3495000,9102.0,1.0,0.0,1.0,1.0,3.0,1.0
0.0,282.0,1932.0,1151.0,1,0.0,1.0,0.0,1850000,9102.0,1.0,0.0,1.0,4.0,3.0,1.0
0.0,1.0,1.0,1.0,1,0.0,0.0,1.0,3100000,1.0,0.0,0.0,0.0,0.0,3.0,1.0
0.0,580.0,2380.0,2500.0,1,1.0,4.0,0.0,6500000,980.0,0.0,0.0,1.0,1.0,3.0,1.0
2.0,117.0,2200.0,1856.0,0,0.0,1.0,0.0,4300000,24.0,0.0,1.0,0.0,2.0,3.0,1.0
0.0,450.0,1932.0,1920.0,1,0.0,3.0,0.0,2950000,2.0,0.0,1.0,1.0,2.0,3.0,1.0
1.0,4707.0,2400.0,2400.0,1,0.0,0.0,0.0,3495000,133.0,0.0,0.0,0.0,0.0,3.0,1.0
0.0,282.0,1932.0,450.0,1,0.0,1.0,0.0,860000,325.0,1.0,0.0,1.0,0.0,3.0,1.0
2.0,282.0,1932.0,1151.0,1,0.0,2.0,1.0,900000,141.0,0.0,0.0,1.0,1.0,3.0,1.0
1.0,86.0,1300.0,914.0,0,0.0,0.0,0.0,1350000,9102.0,1.0,0.0,1.0,0.0,3.0,1.0
0.0,282.0,1932.0,1151.0,1,1.0,1.0,0.0,860000,9102.0,0.0,0.0,1.0,0.0,3.0,1.0
1.0,179.0,4874.0,1151.0,0,0.0,0.0,0.0,900000,9102.0,1.0,0.0,0.0,0.0,3.0,2.5
0.0,252.0,380.0,175.0,1,1.0,1.0,1.0,3600000,9102.0,0.0,1.0,1.0,0.0,3.0,1.0
0.0,604.0,1932.0,3840.0,1,1.0,2.0,1.0,3650000,1.0,0.0,1.0,1.0,6.0,3.0,1.0
0.0,230.0,1932.0,620.0,1,0.0,4.0,1.0,1350000,892.0,0.0,1.0,1.0,0.0,3.0,1.0
0.0,282.0,1932.0,678.0,1,1.0,1.0,1.0,1350000,1.0,0.0,0.0,1.0,1.0,3.0,1.0
0.0,555.0,1932.0,2000.0,1,0.0,4.0,0.0,3495000,1.0,0.0,0.0,0.0,2.0,3.0,1.0
2.0,125.0,2200.0,870.0,1,0.0,2.0,0.0,1350000,9102.0,0.0,1.0,1.0,0.0,3.0,1.0
0.0,282.0,1500.0,450.0,0,0.0,0.0,0.0,900000,9102.0,0.0,0.0,1.0,2.0,3.0,1.0
0.0,282.0,1932.0,1151.0,1,0.0,1.0,0.0,2950000,2.0,3.0,1.0,2.0,0.0,3.0,1.0
0.0,290.0,1932.0,1151.0,1,0.0,0.0,1.0,3300000,1.0,1.0,0.0,1.0,0.0,3.0,1.0
0.0,282.0,950.0,750.0,1,0.0,2.0,1.0,890000,105.0,0.0,0.0,1.0,0.0,3.0,1.0
0.0,282.0,1932.0,400.0,1,0.0,2.0,1.0,1350000,1.0,1.0,0.0,0.0,1.0,3.0,1.0
0.0,282.0,1932.0,861.0,1,0.0,0.0,0.0,900000,557.0,0.0,0.0,0.0,0.0,3.0,1.0
2.0,282.0,1300.0,830.0,1,0.0,0.0,1.0,645000,9102.0,0.0,0.0,1.0,1.0,3.0,1.0
0.0,267.0,2650.0,1151.0,1,1.0,1.0,1.0,3495000,397.0,0.0,0.0,0.0,2.0,3.0,1.0
0.0,145.0,1932.0,151.0,0,0.0,0.0,0.0,900000,423.0,0.0,0.0,0.0,0.0,3.0,1.0
0.0,474.0,1932.0,1760.0,1,0.0,2.0,1.0,1850000,1.0,0.0,1.0,0.0,10.0,3.0,1.0
0.0,190.0,1000.0,1000.0,1,1.0,2.0,1.0,3100000,643.0,1.0,0.0,1.0,2.0,3.0,1.0
2.0,116.0,1967.0,695.0,1,0.0,1.0,1.0,1350000,9102.0,0.0,0.0,1.0,0.0,3.0,1.0
0.0,111.0,930.0,650.0,0,1.0,1.0,1.0,1095000,201.0,0.0,0.0,1.0,0.0,3.0,1.0
1.0,68.0,1500.0,460.0,1,0.0,0.0,0.0,860000,9102.0,0.0,0.0,0.0,1.0,3.0,1.0
0.0,285.0,1932.0,1196.0,1,0.0,2.0,0.0,3650000,1.0,1.0,0.0,1.0,0.0,3.0,1.0
1.0,57.0,1400.0,1151.0,1,0.0,0.0,0.0,1350000,9102.0,1.0,0.0,0.0,1.0,3.0,1.0
0.0,282.0,1932.0,1151.0,1,0.0,0.0,1.0,1350000,478.0,0.0,0.0,1.0,0.0,3.0,1.0
0.0,282.0,1932.0,1151.0,1,0.0,0.0,0.0,1350000,9102.0,1.0,1.0,1.0,2.0,3.0,1.0
0.0,282.0,1932.0,1151.0,0,0.0,0.0,0.0,1350000,9102.0,0.0,0.0,0.0,0.0,3.0,1.0
1.0,282.0,2100.0,700.0,0,0.0,0.0,1.0,890000,9102.0,1.0,0.0,0.0,1.0,3.0,1.0
0.0,282.0,1932.0,600.0,1,0.0,1.0,1.0,1350000,2.0,0.0,0.0,0.0,0.0,3.0,1.0
1.0,23.0,1422.0,459.0,1,0.0,0.0,0.0,1850000,23.0,0.0,0.0,0.0,0.0,3.0,1.0
0.0,282.0,1932.0,1151.0,1,0.0,2.0,1.0,3300000,2.0,0.0,0.0,0.0,1.0,3.0,1.0
1.0,120.0,1600.0,667.0,1,0.0,1.0,0.0,1850000,9102.0,0.0,1.0,1.0,0.0,3.0,1.0
0.0,282.0,1932.0,1100.0,1,0.0,2.0,0.0,1350000,1.0,1.0,0.0,1.0,0.0,3.0,1.0
0.0,282.0,1932.0,800.0,1,0.0,0.0,0.0,860000,991.0,0.0,0.0,1.0,4.0,3.0,1.0
1.0,282.0,1400.0,400.0,0,0.0,0.0,0.0,900000,9102.0,1.0,0.0,0.0,0.0,3.0,1.0
0.0,282.0,1932.0,1151.0,1,0.0,2.0,1.0,860000,232.0,1.0,0.0,1.0,0.0,3.0,1.0
0.0,282.0,1932.0,1151.0,0,0.0,2.0,0.0,6500000,9102.0,1.0,0.0,1.0,0.0,3.0,1.0
0.0,282.0,1932.0,1151.0,1,1.0,1.0,1.0,1350000,9102.0,0.0,0.0,1.0,1.0,3.0,1.0
0.0,282.0,1500.0,900.0,1,1.0,2.0,1.0,2580000,414.0,0.0,0.0,1.0,0.0,3.0,1.0
1.0,55.0,1300.0,250.0,1,0.0,0.0,0.0,860000,55.0,0.0,0.0,0.0,0.0,3.0,1.0
1.0,62.0,1531.0,746.0,1,0.0,0.0,0.0,1350000,9102.0,0.0,0.0,0.0,0.0,3.0,1.0
0.0,282.0,1932.0,1000.0,1,1.0,2.0,1.0,990000,1.0,0.0,0.0,1.0,1.0,3.0,1.0
0.0,640.0,1900.0,2500.0,1,0.0,3.0,1.0,3650000,10000.0,1.0,1.0,1.0,0.0,3.0,1.0
0.0,208.0,2450.0,1700.0,1,1.0,1.0,1.0,4600000,400.0,1.0,0.0,1.0,0.0,3.0,1.0
1.0,282.0,5000.0,1151.0,1,0.0,0.0,0.0,1350000,77.0,1.0,0.0,0.0,0.0,3.0,1.0
1.0,121.0,2426.0,1871.0,0,0.0,0.0,0.0,3600000,9102.0,1.0,0.0,1.0,2.0,3.0,1.0
0.0,343.0,2979.0,1151.0,1,1.0,2.0,1.0,4600000,866.0,0.0,0.0,1.0,0.0,3.0,1.0
0.0,282.0,2200.0,380.0,1,0.0,2.0,0.0,645000,9102.0,1.0,0.0,1.0,0.0,3.0,1.0
0.0,282.0,1592.0,1050.0,1,0.0,3.0,1.0,3600000,1.0,1.0,0.0,0.0,0.0,3.0,1.0
0.0,220.0,1932.0,405.0,1,1.0,0.0,1.0,900000,595.0,0.0,0.0,1.0,0.0,3.0,1.0
1.0,65.0,1932.0,900.0,0,0.0,0.0,0.0,645000,9102.0,1.0,0.0,0.0,0.0,3.0,1.0
0.0,282.0,1932.0,800.0,1,1.0,0.0,0.0,900000,98.0,0.0,0.0,0.0,1.0,3.0,1.0
0.0,282.0,1932.0,512.0,1,1.0,0.0,0.0,1850000,2.0,0.0,0.0,1.0,1.0,3.0,1.0
0.0,565.0,1932.0,1151.0,1,1.0,8.0,0.0,6500000,10.0,0.0,0.0,1.0,4.0,3.0,1.0
0.0,390.0,1932.0,1151.0,1,0.0,2.0,0.0,3650000,1.0,0.0,0.0,0.0,0.0,3.0,1.0
0.0,222.0,1932.0,750.0,0,0.0,0.0,0.0,2695000,9102.0,1.0,0.0,1.0,0.0,3.0,1.0
1.0,282.0,1932.0,1151.0,1,0.0,1.0,0.0,900000,9102.0,0.0,0.0,0.0,0.0,3.0,1.0
0.0,282.0,2413.0,1151.0,1,1.0,1.0,1.0,3300000,3.0,1.0,1.0,1.0,1.0,3.0,1.0
0.0,282.0,1932.0,1151.0,1,0.0,0.0,0.0,900000,9102.0,1.0,0.0,1.0,3.0,3.0,1.0
1.0,79.0,1900.0,1000.0,1,0.0,0.0,0.0,1350000,9102.0,0.0,0.0,0.0,1.0,3.0,1.0
2.0,139.0,1800.0,1061.0,1,1.0,1.0,1.0,1850000,5.0,0.0,1.0,1.0,1.0,3.0,1.0
1.0,57.0,1553.0,407.0,0,0.0,0.0,0.0,900000,57.0,0.0,0.0,0.0,2.0,3.0,1.0
1.0,38.0,961.0,1151.0,1,0.0,0.0,0.0,860000,26.0,0.0,0.0,0.0,1.0,3.0,1.0
0.0,87.0,2634.0,661.0,1,1.0,0.0,1.0,1350000,9102.0,0.0,1.0,1.0,0.0,3.0,1.0
0.0,282.0,1932.0,1151.0,1,0.0,1.0,0.0,2190000,9102.0,0.0,0.0,1.0,2.0,3.0,1.0
0.0,282.0,610.0,1151.0,1,0.0,0.0,0.0,645000,104.0,1.0,0.0,0.0,0.0,3.0,1.0
0.0,282.0,1932.0,1200.0,1,1.0,1.0,1.0,900000,9102.0,1.0,0.0,1.0,2.0,3.0,1.0
1.0,120.0,5389.0,2685.0,0,0.0,0.0,0.0,4300000,9102.0,1.0,0.0,1.0,2.0,3.0,1.0
0.0,282.0,1932.0,1151.0,1,1.0,0.0,0.0,860000,9102.0,0.0,0.0,0.0,0.0,3.0,1.0
0.0,219.0,989.0,1054.0,1,0.0,2.5,0.0,2950000,682.0,1.0,0.0,1.0,2.0,3.0,1.0
0.0,285.0,2750.0,2300.0,1,3.0,2.0,1.0,3650000,257.0,1.0,1.0,1.0,2.0,3.0,1.0
2.0,261.0,1932.0,1151.0,1,0.0,2.0,0.0,3300000,9102.0,0.0,0.0,0.0,0.0,3.0,1.0
1.0,54.0,1932.0,1151.0,1,1.0,0.0,0.0,1095000,9102.0,1.0,0.0,1.0,0.0,3.0,1.0
2.0,282.0,1932.0,1151.0,1,0.0,1.0,0.0,990000,9102.0,0.0,0.0,0.0,0.0,3.0,1.0
0.0,223.0,1932.0,800.0,1,1.0,2.0,1.0,3300000,957.0,1.0,1.0,1.0,2.0,3.0,1.0
0.0,400.0,800.0,650.0,1,0.0,2.0,1.0,3100000,610.0,0.0,1.0,0.0,0.0,3.0,1.0
1.0,112.0,5731.0,2736.0,0,0.0,0.0,0.0,4300000,9102.0,1.0,0.0,1.0,2.0,3.0,1.0
2.0,90.0,1320.0,423.0,1,0.0,1.0,1.0,900000,9102.0,0.0,0.0,1.0,1.0,3.0,1.0
0.0,280.0,1500.0,1400.0,1,0.0,2.0,0.0,2660000,477.0,0.0,0.0,1.0,1.0,3.0,1.0
1.0,282.0,4335.0,3622.0,0,0.0,2.0,0.0,3300000,207.0,0.0,1.0,0.0,0.0,3.0,1.0
0.0,282.0,1000.0,400.0,1,0.0,0.0,0.0,860000,111.0,0.0,0.0,0.0,0.0,3.0,1.0
2.0,323.0,2438.0,3400.0,1,0.0,2.0,0.0,6500000,9102.0,0.0,0.0,0.0,0.0,3.0,1.0
0.0,282.0,1932.0,1500.0,1,0.0,2.0,0.0,2990000,1.0,0.0,0.0,0.0,0.0,3.0,1.0
0.0,152.0,1932.0,1151.0,1,0.0,1.0,0.0,900000,763.0,1.0,0.0,0.0,0.0,3.0,1.0
0.0,282.0,1932.0,1151.0,1,1.0,1.0,0.0,900000,9102.0,0.0,0.0,0.0,0.0,3.0,1.0
0.0,282.0,1932.0,1151.0,1,0.0,2.0,0.0,1850000,1.0,0.0,0.0,0.0,1.0,3.0,1.0
0.0,282.0,1932.0,1151.0,0,0.0,2.0,1.0,1850000,9102.0,1.0,1.0,1.0,2.0,3.0,1.0
0.0,300.0,3250.0,2165.0,1,0.0,2.0,1.0,2999000,472.0,1.0,0.0,1.0,2.0,3.0,1.0
0.0,184.0,1932.0,2500.0,1,1.0,2.0,1.0,1850000,4.0,0.0,0.0,1.0,2.0,3.0,1.0
1.0,68.0,1932.0,550.0,0,0.0,0.0,0.0,890000,9102.0,1.0,0.0,1.0,2.0,3.0,1.0
0.0,282.0,1137.0,967.0,1,0.0,2.0,1.0,1350000,9102.0,1.0,0.0,1.0,0.0,3.0,1.0
1.0,282.0,2686.0,607.0,0,0.0,2.0,0.0,890000,9102.0,1.0,0.0,0.0,1.0,3.0,1.0
0.0,300.0,1932.0,1151.0,1,0.0,2.0,0.0,1850000,549.0,0.0,0.0,1.0,1.0,3.0,1.0
1.0,44.0,1932.0,1151.0,1,0.0,0.0,0.0,1850000,44.0,0.0,0.0,0.0,0.0,3.0,1.0
2.0,282.0,2107.0,498.0,1,0.0,0.0,0.0,900000,9102.0,0.0,0.0,1.0,0.0,3.0,1.0
0.0,282.0,1932.0,750.0,1,0.0,1.0,0.0,645000,230.0,1.0,0.0,1.0,1.0,3.0,1.0
0.0,265.0,2000.0,1800.0,1,1.0,2.0,1.0,2950000,9102.0,1.0,0.0,1.0,2.0,3.0,1.0
0.0,282.0,1932.0,300.0,1,1.0,1.0,1.0,900000,375.0,0.0,0.0,1.0,1.0,3.0,1.0
0.0,282.0,1932.0,1000.0,1,0.0,0.0,0.0,860000,346.0,1.0,0.0,1.0,4.0,3.0,1.0
0.0,282.0,1932.0,1151.0,1,0.0,2.0,1.0,1850000,991.0,0.0,0.0,1.0,1.0,3.0,1.0
1.0,282.0,1932.0,1151.0,1,0.0,0.0,0.0,860000,9102.0,0.0,1.0,0.0,0.0,3.0,1.0
0.0,282.0,1932.0,1151.0,1,0.0,0.0,0.0,1350000,7.0,0.0,0.0,0.0,0.0,3.0,1.0
0.0,282.0,1932.0,1151.0,1,1.0,2.0,1.0,3100000,496.0,2.0,0.0,1.0,6.0,3.0,1.0
0.0,282.0,1932.0,1151.0,1,1.0,3.0,1.0,3300000,5.0,0.0,1.0,1.0,1.0,3.0,1.0
0.0,282.0,1932.0,1151.0,1,0.0,6.0,0.0,6500000,3.0,0.0,1.0,0.0,0.0,3.0,1.0
0.0,282.0,1932.0,1151.0,1,0.0,4.0,0.0,4300000,38000.0,0.0,0.0,0.0,0.0,3.0,1.0
0.0,150.0,1932.0,1800.0,1,1.0,0.0,0.0,2950000,477.0,2.0,0.0,0.0,2.0,3.0,1.0
2.0,162.0,2022.0,675.0,1,0.0,0.0,0.0,1350000,162.0,0.0,0.0,0.0,0.0,3.0,1.0
